,Id,Hora de inicio,Hora de finalización,Vacunatorio,Dia del reporte,Lugar de administración Nirsevimab,Dosis inicio 50 mg,Dosis admin. 50 mg,Dosis mermas 50 mg,Dosis traspaso salida 50 mg,Dosis traspaso entrada 50 mg,Institución del retiro o traspaso,Nombre del servicio o institución del traspaso1,Dosis final 50 mg,Observaciones,Dosis inicio 100 mg,Dosis admin. 100 mg,Dosis mermas 100 mg,Dosis traspaso salida 100 mg,Dosis traspaso entrada 100 mg,Institución del retiro o traspaso ,Nombre del servicio o institución del traspaso,Dosis final 100 mg,Observaciones1,Final_Dose_Check_50mg,Final_Dose_Check_100mg
0,1,2024-04-04 09:12:54,2024-04-04 18:23:53,Clínica Indisa Maipú,2024-04-04,Vacunatorio,14,5,0,0.0,0.0,0,0,9,0,120,7,0,0.0,0.0,0,0,113,0,True,True
1,2,2024-04-04 18:29:30,2024-04-04 18:30:47,Clínica Indisa Providencia,2024-04-04,Vacunatorio,225,10,0,0.0,0.0,0,0,215,0,155,32,0,0.0,0.0,0,0,123,0,True,True
2,3,2024-04-05 18:26:03,2024-04-05 18:26:50,Clínica Indisa Providencia,2024-04-05,Vacunatorio,215,11,0,0.0,0.0,0,0,204,0,123,31,0,0.0,0.0,0,0,92,0,True,True
3,4,2024-04-05 19:24:13,2024-04-05 19:26:25,Clínica Indisa Maipú,2024-04-05,Vacunatorio,9,4,0,0.0,0.0,0,0,5,0,113,12,0,0.0,0.0,0,0,101,0,True,True
4,5,2024-04-06 23:29:48,2024-04-06 23:30:59,Clínica Indisa Providencia,2024-04-06,Vacunatorio,154,2,0,0.0,0.0,0,0,152,0,92,15,0,0.0,0.0,0,0,77,0,True,True
5,6,2024-04-08 16:20:35,2024-04-08 16:22:11,Consultorio Tantauco,2024-04-08,Vacunatorio,5,0,0,0.0,0.0,0,0,5,0,13,0,0,0.0,0.0,0,0,13,0,True,True
6,7,2024-04-08 16:24:26,2024-04-08 16:27:54,Clínica Dávila Vespucio,2024-04-01,Vacunatorio,100,0,0,5.0,0.0,Neonatología ,Neonatología,95,0,0,0,0,0.0,0.0,0,0,0,0,True,True
7,8,2024-04-08 16:23:46,2024-04-08 16:28:11,Vacunatorio Internacional Immunitas SpA,2024-04-08,Vacunatorio,0,0,0,0.0,0.0,no aplica,no aplica,0,hasta la fecha tenemos 5 dosis administradas ,13,2,0,0.0,0.0,no aplica,no aplica,11,0,True,True
8,9,2024-04-08 16:28:00,2024-04-08 16:30:26,Clínica Dávila Vespucio,2024-04-02,Vacunatorio,95,35,0,5.0,0.0,Neonatología,Neonatología,55,0,100,16,0,0.0,0.0,0,0,84,0,True,True
9,10,2024-04-08 16:30:29,2024-04-08 16:33:08,Clínica Dávila Vespucio,2024-04-03,Vacunatorio,55,18,0,20.0,0.0,Neonatología,Neonatología,17,0,84,27,0,0.0,0.0,0,0,57,0,True,True
10,11,2024-04-08 16:33:10,2024-04-08 16:36:34,Clínica Dávila Vespucio,2024-04-04,Vacunatorio,17,12,0,5.0,200.0,DVI SUR,Neonatologia,200,0,57,21,0,0.0,200.0,0,0,236,0,True,True
11,12,2024-04-08 16:31:14,2024-04-08 16:38:58,Hospital de Carabineros,2024-04-08,Vacunatorio,70,13,0,10.0,13.0,DVI LOURDES,Uci Neonatologia hospital de Carabineros,47,"El 01/04 se retiraron 20 dosis y el día 04/04 se retiraron 50 dosis (10 dosis entregadas a NEO), no súmanos las dosis de la NEO en la suma de registros.",100,34,0,0.0,34.0,DVI LOURDES,0,66,0,False,False
12,13,2024-04-08 16:36:36,2024-04-08 16:42:48,Clínica Dávila Vespucio,2024-04-05,Vacunatorio,200,12,0,15.0,0.0,0,Neonatologia,173,0,236,30,0,0.0,0.0,0,0,206,0,True,True
13,14,2024-04-08 16:20:13,2024-04-08 16:43:55,Centro Médico Clínica Santa María La Dehesa,2024-04-08,Vacunatorio,46,0,0,0.0,0.0,0,0,46,-,38,4,0,0.0,0.0,0,0,34,0,True,True
14,15,2024-04-08 16:42:51,2024-04-08 16:44:05,Clínica Dávila Vespucio,2024-04-06,Vacunatorio,173,1,0,0.0,0.0,0,0,172,0,207,3,0,0.0,0.0,0,0,204,0,True,True
15,16,2024-04-08 16:47:57,2024-04-08 16:50:21,Clínica BUPA Santiago,2024-04-08,Maternidad o neonatologia o sala cuna,20,27,0,0.0,20.0,De vacunatorio a sala cuna. ,0,13,0,0,0,0,0.0,0.0,0,0,0,0,True,True
16,17,2024-04-08 16:44:07,2024-04-08 16:52:58,Clínica Dávila Vespucio,2024-04-08,Vacunatorio,172,12,0,0.0,0.0,0,0,160,0,204,30,0,0.0,0.0,0,0,174,0,True,True
17,18,2024-04-08 16:50:28,2024-04-08 16:54:26,Clínica BUPA Santiago,2024-04-08,Vacunatorio,35,10,0,40.0,135.0,0,de vacunatorio a sala cuna ,85,0,100,32,0,0.0,100.0,0,0,68,0,False,False
18,19,2024-04-08 16:52:27,2024-04-08 16:56:08,Clínica Las Condes Estoril,2024-04-01,Vacunatorio,0,7,0,0.0,60.0,DVI Lourdes,0,53,0,0,5,0,0.0,100.0,DVI Lourdes,0,95,0,True,True
19,20,2024-04-08 16:54:59,2024-04-08 16:56:41,Centro Médico Clínica Alemana de Chicureo,2024-04-01,Vacunatorio,0,0,0,0.0,20.0,DVI Lourdes,ninguno,20,-,0,0,0,0.0,150.0,DVI Lourdes,-,150,-,True,True
20,21,2024-04-08 16:56:44,2024-04-08 16:58:34,Centro Médico Clínica Alemana de Chicureo,2024-04-02,Vacunatorio,20,0,0,0.0,0.0,0,0,20,0,150,11,0,0.0,0.0,0,0,139,0,True,True
21,22,2024-04-08 16:58:36,2024-04-08 17:04:05,Centro Médico Clínica Alemana de Chicureo,2024-04-03,Vacunatorio,20,8,0,0.0,0.0,0,0,12,0,139,14,0,0.0,0.0,0,0,125,0,True,True
22,23,2024-04-08 17:04:10,2024-04-08 17:06:51,Centro Médico Clínica Alemana de Chicureo,2024-04-04,Vacunatorio,12,2,0,0.0,0.0,0,0,10,0,125,20,0,0.0,0.0,0,0,105,0,True,True
23,24,2024-04-08 17:06:55,2024-04-08 17:09:05,Centro Médico Clínica Alemana de Chicureo,2024-04-05,Vacunatorio,10,5,0,0.0,0.0,0,0,5,0,105,14,0,0.0,0.0,0,0,91,0,True,True
24,25,2024-04-08 17:03:28,2024-04-08 17:13:58,NewVax,2024-04-01,Vacunatorio,5,2,0,0.0,0.0,DVI Lourdes,0,3,0,30,18,0,0.0,0.0,DVI Lourdes,0,12,0,True,True
25,26,2024-04-08 16:56:14,2024-04-08 17:14:28,Clínica Las Condes Estoril,2024-04-02,Vacunatorio,63,15,0,10.0,0.0,0,Maternidad,28,0,95,30,0,0.0,0.0,0,0,65,0,False,True
26,27,2024-04-08 17:14:30,2024-04-08 17:15:44,Clínica Las Condes Estoril,2024-04-02,Maternidad o neonatologia o sala cuna,0,10,0,0.0,10.0,Vacunatorio CLC Estoril,0,0,0,0,0,0,0.0,0.0,0,0,0,0,True,True
27,28,2024-04-08 17:15:48,2024-04-08 17:17:52,Clínica Las Condes Estoril,2024-04-03,Vacunatorio,28,17,0,5.0,0.0,0,Maternidad,6,0,65,27,0,0.0,0.0,0,0,38,0,True,True
28,29,2024-04-08 17:17:54,2024-04-08 17:19:01,Clínica Las Condes Estoril,2024-04-03,Maternidad o neonatologia o sala cuna,0,3,0,0.0,5.0,Vacunatorio CLC Estoril,0,2,0,0,0,0,0.0,0.0,0,0,0,0,True,True
29,30,2024-04-08 17:19:13,2024-04-08 17:20:35,Vacunatorio Bio Salud,2024-04-01,Vacunatorio,0,0,0,0.0,0.0,0,0,0,0,0,0,0,0.0,0.0,0,0,0,0,True,True
30,31,2024-04-08 17:20:38,2024-04-08 17:21:13,Vacunatorio Bio Salud,2024-04-02,Vacunatorio,0,0,0,0.0,0.0,0,0,0,0,0,0,0,0.0,0.0,0,0,0,0,True,True
31,32,2024-04-08 17:21:14,2024-04-08 17:21:53,Vacunatorio Bio Salud,2024-04-03,Vacunatorio,0,0,0,0.0,0.0,0,0,0,0,0,0,0,0.0,0.0,0,0,0,0,True,True
32,33,2024-04-08 17:19:11,2024-04-08 17:22:06,Hospital Militar de Santiago,2024-04-01,Vacunatorio,0,0,0,0.0,0.0,0,0,0,0,50,2,0,0.0,0.0,0,0,48,0,True,True
33,34,2024-04-08 17:21:55,2024-04-08 17:23:24,Vacunatorio Bio Salud,2024-04-04,Vacunatorio,0,0,0,0.0,20.0,DVI Lourdes,0,20,0,0,0,0,0.0,60.0,DVI Lourdes,0,60,0,True,True
34,35,2024-04-08 17:22:30,2024-04-08 17:23:41,Hospital Militar de Santiago,2024-04-02,Vacunatorio,0,0,0,0.0,0.0,0,0,0,0,48,2,0,0.0,0.0,0,0,46,0,True,True
35,36,2024-04-08 17:23:26,2024-04-08 17:24:49,Vacunatorio Bio Salud,2024-04-05,Vacunatorio,20,0,0,0.0,0.0,0,0,20,0,60,0,0,0.0,0.0,0,0,60,0,True,True
36,37,2024-04-08 17:19:03,2024-04-08 17:25:24,Clínica Las Condes Estoril,2024-04-04,Vacunatorio,6,1,0,0.0,0.0,0,0,5,0,38,23,0,0.0,0.0,0,0,15,0,True,True
37,38,2024-04-08 17:24:51,2024-04-08 17:25:52,Vacunatorio Bio Salud,2024-04-08,Vacunatorio,20,1,0,0.0,0.0,0,0,19,0,60,1,0,0.0,0.0,0,0,59,0,True,True
38,39,2024-04-08 17:25:26,2024-04-08 17:26:27,Clínica Las Condes Estoril,2024-04-01,Maternidad o neonatologia o sala cuna,0,0,0,0.0,0.0,0,0,0,inicio de la administracion el dia 2.04,0,0,0,0.0,0.0,0,0,0,0,True,True
39,40,2024-04-08 17:23:54,2024-04-08 17:28:36,Hospital Militar de Santiago,2024-04-03,Vacunatorio,0,0,0,0.0,5.0,DVI,0,5,0,46,3,0,0.0,0.0,0,0,43,0,True,True
40,41,2024-04-08 17:30:27,2024-04-08 17:33:48,Hospital Militar de Santiago,2024-04-04,Vacunatorio,5,1,0,0.0,0.0,0,0,4,0,43,3,0,0.0,0.0,0,0,40,0,True,True
41,42,2024-04-08 17:33:33,2024-04-08 17:34:51,Vacunatorio Redsalud CMD Alameda,2024-04-08,Vacunatorio,0,0,0,0.0,0.0,0,0,0,0,0,0,0,0.0,0.0,0,0,0,0,True,True
42,43,2024-04-08 17:33:50,2024-04-08 17:35:28,Hospital Militar de Santiago,2024-04-05,Vacunatorio,4,1,0,0.0,0.0,0,0,3,0,40,4,0,0.0,0.0,0,0,36,0,True,True
43,44,2024-04-08 17:22:38,2024-04-08 17:35:47,Clínica San Carlos de Apoquindo Redsalud UC CHRISTUS,2024-04-02,Maternidad o neonatologia o sala cuna,50,5,0,0.0,0.0,0,0,45,"De las 50 dosis recibidas en SCA, 5 fueron traspasadas y administradas en servicio Maternidad, quedando un total de 45.",150,0,0,0.0,0.0,0,0,150,0,True,True
44,45,2024-04-08 17:02:20,2024-04-08 17:37:18,Vacunatorio Centro Medico Vidaintegra Alameda,2024-04-08,Vacunatorio,20,0,0,0.0,20.0,DVI LOURDES ,NINGUNO,20,LAS DOSIS DE 50 MG FUERON RETIRADAS EL 04-04-2024 ,49,2,0,0.0,50.0,DVI LOURDES,NINGUNA,48,DOSIS DE 100 MG FUERON ENTREGADAS EL 28-03-2024,False,False
45,46,2024-04-08 17:37:15,2024-04-08 17:38:21,Hospital Militar de Santiago,2024-04-08,Vacunatorio,3,2,0,0.0,0.0,0,0,1,0,36,7,0,0.0,0.0,0,0,29,0,True,True
46,47,2024-04-08 17:33:09,2024-04-08 17:38:29,Clínica Indisa Maipú,2024-04-08,Vacunatorio,5,6,0,10.0,20.0,DVI,0,14,Se entregan 10 Nirsevimab 50mg a Maternidad Clinica indisa Maipu,101,21,0,0.0,0.0,0,0,80,0,False,True
47,48,2024-04-08 17:35:54,2024-04-08 17:38:30,Clínica San Carlos de Apoquindo Redsalud UC CHRISTUS,2024-04-03,Maternidad o neonatologia o sala cuna,45,5,0,5.0,0.0,0,Maternidad,40,"De las 45 dosis en stock en SCA, 5 dosis fueron traspasadas a Maternidad, quedando 40 dosis en total al finalizar día",0,0,0,0.0,0.0,0,0,150,0,False,False
48,49,2024-04-08 17:35:49,2024-04-08 17:39:30,Centro Médico y Dental Arauco Salud,2024-04-08,Vacunatorio,20,0,0,20.0,0.0,DVI,REDSALUD ARAUCO,20,0,50,2,0,0.0,50.0,DVI,0,48,0,False,False
49,50,2024-04-08 17:38:34,2024-04-08 17:41:00,Clínica San Carlos de Apoquindo Redsalud UC CHRISTUS,2024-04-04,Vacunatorio,40,7,0,4.0,0.0,Maternidad,Maternidad,29,0,150,9,0,0.0,0.0,0,0,141,0,True,True
50,51,2024-04-08 17:41:40,2024-04-08 17:43:43,Centro Médico Kinerod,2024-04-08,Vacunatorio,0,0,0,0.0,0.0,0,0,0,0,14,2,0,0.0,0.0,0,0,12,0,True,True
51,52,2024-04-08 17:41:08,2024-04-08 17:44:06,Clínica San Carlos de Apoquindo Redsalud UC CHRISTUS,2024-04-05,Vacunatorio,29,3,0,10.0,200.0,DVI,Maternidad,216,0,141,10,0,0.0,65.0,DVI,0,196,0,True,True
52,53,2024-04-08 17:11:44,2024-04-08 17:44:36,Hospital Clínico Universidad de los Andes,2024-04-08,Maternidad o neonatologia o sala cuna,40,32,0,0.0,0.0,0,0,8,0,0,0,0,0.0,0.0,0,0,0,0,True,True
53,54,2024-04-08 17:44:12,2024-04-08 17:46:11,Clínica San Carlos de Apoquindo Redsalud UC CHRISTUS,2024-04-08,Vacunatorio,216,7,0,5.0,0.0,0,Maternidad,204,0,196,14,0,0.0,0.0,0,0,182,0,True,True
54,55,2024-04-08 17:45:29,2024-04-08 17:47:47,Clínica Indisa Providencia,2024-04-08,Vacunatorio,152,12,0,0.0,0.0,0,0,42,0,77,35,0,0.0,300.0,DVI Lourdes,0,440,2 menores con dosis de 200mg,False,False
55,56,2024-04-08 17:26:29,2024-04-08 17:48:10,Clínica Las Condes Estoril,2024-04-05,Vacunatorio,5,16,0,0.0,250.0,DVI Lourdes,0,239,0,15,18,1,0.0,200.0,DVI Lourdes,0,196,0,True,True
56,57,2024-04-08 17:08:00,2024-04-08 17:48:26,Clínica Dávila,2024-04-08,Vacunatorio,23,4,0,0.0,0.0,0,0,19,0,240,14,0,0.0,0.0,0,0,226,0,True,True
57,58,2024-04-08 17:48:13,2024-04-08 17:48:55,Clínica Las Condes Estoril,2024-04-05,Maternidad o neonatologia o sala cuna,2,2,0,0.0,0.0,0,0,0,0,0,0,0,0.0,0.0,0,0,0,0,True,True
58,59,2024-04-08 17:04:54,2024-04-08 17:51:23,Vacunatorio Centro Médico ACHS,2024-04-08,Vacunatorio,48,0,0,0.0,0.0,0,0,48,0,41,4,0,0.0,0.0,0,0,37,0,True,True
59,60,2024-04-08 17:45:25,2024-04-08 18:03:22,Hospital Clínico Universidad de los Andes,2024-04-08,Vacunatorio,0,4,0,40.0,115.0,DVI LOURDES,MATERNIDAD,71,0,0,17,0,0.0,200.0,DVI LOURDES,0,183,0,True,True
60,61,2024-04-08 17:48:58,2024-04-08 18:05:45,Clínica Las Condes Estoril,2024-04-06,Vacunatorio,239,3,0,0.0,0.0,0,0,237,0,196,9,0,0.0,0.0,0,0,187,0,False,True
61,62,2024-04-08 18:03:31,2024-04-08 18:06:18,Clínica MEDS La Dehesa,2024-04-08,Vacunatorio,8,3,0,0.0,0.0,0,0,5,0,31,3,0,0.0,0.0,0,0,28,0,True,True
62,63,2024-04-08 18:05:49,2024-04-08 18:06:33,Clínica Las Condes Estoril,2024-04-06,Maternidad o neonatologia o sala cuna,0,0,0,0.0,0.0,0,0,0,0,0,0,0,0.0,0.0,0,0,0,0,True,True
63,64,2024-04-08 18:06:32,2024-04-08 18:10:21,Nueva Clínica Cordillera,2024-04-01,Vacunatorio,20,0,0,5.0,0.0,0,Maternidad,15,0,0,0,0,0.0,0.0,0,0,0,0,True,True
64,65,2024-04-08 18:10:26,2024-04-08 18:11:23,Centro de Vacunacion Inmunovac,2024-04-02,Vacunatorio,15,0,0,0.0,0.0,0,0,15,0,0,0,0,0.0,0.0,0,0,0,0,True,True
65,66,2024-04-08 18:11:27,2024-04-08 18:12:29,Nueva Clínica Cordillera,2024-04-03,Vacunatorio,15,0,0,0.0,0.0,0,0,15,0,0,0,0,0.0,0.0,0,0,0,0,True,True
66,67,2024-04-08 18:12:42,2024-04-08 18:13:53,Nueva Clínica Cordillera,2024-04-04,Vacunatorio,15,0,0,0.0,0.0,0,0,15,0,0,0,0,0.0,40.0,Lourdes,0,40,0,True,True
67,68,2024-04-08 18:13:58,2024-04-08 18:15:11,Nueva Clínica Cordillera,2024-04-05,Vacunatorio,35,1,0,0.0,0.0,0,0,34,0,40,1,0,0.0,0.0,0,0,39,0,True,True
68,69,2024-04-08 18:15:15,2024-04-08 18:16:09,Nueva Clínica Cordillera,2024-04-08,Vacunatorio,34,0,0,0.0,0.0,0,0,34,0,39,1,0,0.0,0.0,0,0,38,0,True,True
69,70,2024-04-08 18:15:36,2024-04-08 18:17:02,Centro Medico y Dental Del Valle,2024-04-08,Vacunatorio,5,1,0,0.0,0.0,0,0,4,0,5,1,0,0.0,0.0,0,0,4,0,True,True
70,71,2024-04-08 18:15:06,2024-04-08 18:21:18,Clínica RedSalud Vitacura,2024-04-08,Vacunatorio,20,6,0,0.0,0.0,-,-,14,0,150,2,0,0.0,0.0,-,-,148,0,True,True
71,72,2024-04-08 18:22:13,2024-04-08 18:54:01,Centro Médico San Joaquín Red de Salud UC CHRISTUS,2024-04-08,Vacunatorio,46,3,0,0.0,0.0,No aplica ,No aplica ,43,0,187,7,0,0.0,0.0,No aplica ,No aplica ,180,0,True,True
72,73,2024-04-08 19:00:25,2024-04-08 19:05:39,VACUMED,2024-04-08,Vacunatorio,5,0,0,0.0,0.0,0,0,5,0,10,4,0,0.0,0.0,0,0,6,Se pidieron 10 dosis y se han administrado 4 ha la fecha de hoy,True,True
73,74,2024-04-08 17:15:07,2024-04-08 20:01:08,Clínica Alemana,2024-04-08,Vacunatorio,127,369,0,120.0,650.0,DVI Lourdes,Recién Nacido Sano,448,dosis desde el 01/04 al 08/04/2024,198,186,0,0.0,0.0,nada,ninguna,614,01 de abril al 08 de abril,False,False
74,75,2024-04-08 20:10:35,2024-04-08 20:13:32,Centro Médico Clínica Alemana (La Dehesa),2024-04-08,Vacunatorio,69,11,0,0.0,0.0,0,0,58,0,99,32,0,0.0,0.0,0,0,67,0,True,True
75,76,2024-04-09 07:59:10,2024-04-09 08:04:05,Centro Médico Clinica Las Condes de Chicureo (Servicios de Salud Integrados S.A.),2024-04-08,Vacunatorio,50,21,0,0.0,0.0,0,0,4,Período desde inicio de la campaña,50,36,0,0.0,0.0,0,0,14,Período considerado desde inicio de la campaña,False,True
76,77,2024-04-09 09:23:02,2024-04-09 09:24:51,Vacunatorio RENVAC,2024-04-01,Vacunatorio,5,0,0,0.0,0.0,0,0,5,0,20,0,0,0.0,0.0,0,0,0,0,True,False
77,78,2024-04-09 09:24:54,2024-04-09 09:27:45,Vacunatorio RENVAC,2024-04-02,Vacunatorio,5,0,0,0.0,0.0,0,0,5,0,20,1,0,0.0,0.0,0,0,19,0,True,True
78,79,2024-04-09 09:27:53,2024-04-09 09:30:36,Vacunatorio RENVAC,2024-04-03,Vacunatorio,5,1,0,0.0,0.0,0,0,4,0,19,2,0,0.0,0.0,0,0,17,0,True,True
79,80,2024-04-09 09:09:41,2024-04-09 09:32:12,Clínica Las Condes Estoril,2024-04-08,Vacunatorio,236,19,0,5.0,0.0,0,Maternidad,212,0,187,20,0,0.0,0.0,0,0,167,0,True,True
80,81,2024-04-09 09:32:14,2024-04-09 09:33:24,Clínica Las Condes Estoril,2024-04-08,Maternidad o neonatologia o sala cuna,0,3,0,0.0,5.0,Vacunatorio Estoril,0,2,0,0,0,0,0.0,0.0,0,0,0,0,True,True
81,82,2024-04-09 09:30:39,2024-04-09 09:33:25,Vacunatorio RENVAC,2024-04-04,Vacunatorio,4,0,0,0.0,0.0,0,0,4,0,17,4,0,0.0,0.0,0,0,13,0,True,True
82,83,2024-04-09 09:33:30,2024-04-09 09:34:41,Vacunatorio RENVAC,2024-04-05,Vacunatorio,4,0,0,0.0,0.0,0,0,4,0,13,2,0,0.0,0.0,0,0,11,0,True,True
83,84,2024-04-09 09:34:43,2024-04-09 09:36:24,Vacunatorio RENVAC,2024-04-06,Vacunatorio,4,0,0,0.0,0.0,0,0,4,0,11,1,0,0.0,0.0,0,0,10,0,True,True
84,85,2024-04-09 09:36:28,2024-04-09 09:37:35,Vacunatorio RENVAC,2024-04-08,Vacunatorio,4,0,0,0.0,0.0,0,0,4,0,10,2,0,0.0,0.0,0,0,8,0,True,True
85,86,2024-04-09 08:41:09,2024-04-09 09:40:26,Clínica Santa María,2024-04-01,Vacunatorio,210,0,0,25.0,0.0,0,Maternidad,185,Se entregan 25 dosis a maternidad de la institución,450,4,0,0.0,0.0,0,0,446,0,True,True
86,87,2024-04-09 09:36:29,2024-04-09 09:42:00,Vacunatorio Darvax,2024-04-05,Vacunatorio,0,0,0,0.0,0.0,DVI LOURDES,0,0,0,130,2,0,0.0,0.0,DVI LOURDES,0,128,0,True,True
87,88,2024-04-09 09:42:15,2024-04-09 09:45:29,Vacunatorio Darvax,2024-04-08,Vacunatorio,30,0,0,0.0,0.0,DVI LOURDES,0,30,0,128,6,0,0.0,0.0,DVI LOURDES,0,122,0,True,True
88,89,2024-04-09 09:40:29,2024-04-09 10:01:33,Clínica Santa Rosa,2024-04-02,Vacunatorio,185,8,0,0.0,0.0,0,0,177,0,446,9,0,0.0,0.0,0,0,437,0,True,True
89,90,2024-04-09 10:01:34,2024-04-09 10:07:38,Clínica Santa María,2024-04-03,Vacunatorio,177,9,0,25.0,0.0,0,Maternidad CSM,143,0,437,10,0,0.0,0.0,0,0,427,0,True,True
90,91,2024-04-09 10:07:40,2024-04-09 10:09:20,Clínica Santa María,2024-04-04,Vacunatorio,143,9,0,0.0,0.0,0,0,134,0,427,17,0,0.0,0.0,0,0,410,0,True,True
91,92,2024-04-09 09:37:30,2024-04-09 10:15:07,Clínica Santa María,2024-04-01,Maternidad o neonatologia o sala cuna,0,12,0,0.0,25.0,vacunatorio,-,13,0,0,0,0,0.0,0.0,-,-,0,0,True,True
92,93,2024-04-09 10:15:13,2024-04-09 10:16:19,Clínica Santa María,2024-04-02,Maternidad o neonatologia o sala cuna,13,5,0,0.0,0.0,-,-,8,0,0,0,0,0.0,0.0,-,-,0,0,True,True
93,94,2024-04-09 10:15:53,2024-04-09 10:21:11,Centro Médico Alto Tobalaba - Vacunatorio Vacci Protex,2024-04-08,Vacunatorio,0,0,0,0.0,0.0,0,0,0,No se a realizado retiro de Nirsevimab.,0,0,0,0.0,0.0,0,0,0,No se a realizado retiro de Nirsevimab.,True,True
94,95,2024-04-09 10:09:21,2024-04-09 10:22:16,Clínica Santa María,2024-04-05,Vacunatorio,134,9,0,30.0,0.0,0,Maternidad CSM,95,0,410,11,0,0.0,0.0,0,0,399,0,True,True
95,96,2024-04-09 10:22:17,2024-04-09 10:23:52,Clínica Santa María,2024-04-08,Vacunatorio,95,13,0,25.0,0.0,0,Maternidad CSM,57,0,399,20,0,0.0,0.0,0,0,379,0,True,True
96,97,2024-04-09 10:16:21,2024-04-09 10:24:22,Clínica Santa María,2024-04-03,Maternidad o neonatologia o sala cuna,8,8,0,0.0,25.0,vacunatorio,-,25,0,0,0,0,0.0,0.0,-,-,0,0,True,True
97,98,2024-04-09 10:24:24,2024-04-09 10:55:57,Clínica Santa María,2024-04-04,Maternidad o neonatologia o sala cuna,25,10,0,0.0,0.0,-,-,15,0,0,0,0,0.0,0.0,-,-,0,0,True,True
98,99,2024-04-09 11:08:32,2024-04-09 11:10:56,Clínica Hospital del Profesor,2024-04-01,Vacunatorio,100,0,0,25.0,0.0,DVI Lourdes,Neonatología CHP  ,75,No aplica ,0,0,0,0.0,0.0,No aplica ,No aplica ,0,Sin Stock de 100 mg ,True,True
99,100,2024-04-09 11:11:01,2024-04-09 11:13:26,Clínica Hospital del Profesor,2024-04-02,Vacunatorio,75,9,0,0.0,0.0,No aplica ,No aplica,66,0,100,5,0,0.0,100.0,DVI LOURDES,No aplica ,95,0,True,False
100,101,2024-04-09 11:13:30,2024-04-09 11:19:33,Clínica Hospital del Profesor,2024-04-03,Vacunatorio,66,0,0,5.0,10.0,DVI LOUDES ,Neonatología CHP ,71,Cuarentena para 66 dosis de NIRSEVIMAB Y 5 sin cuarentena. ,95,1,0,0.0,10.0,DVI LOURDES ,No aplica ,104,95 DOSIS EN CAURENTENA Y 9 DOSIS SIN CUARENTENA. ,True,True
101,102,2024-04-09 11:19:35,2024-04-09 11:24:28,Clínica Hospital del Profesor,2024-04-04,Vacunatorio,71,4,0,0.0,0.0,No aplica ,No aplica ,67,Se mantienen 66 dosis en cuarentena y 1 dosis sin cuarentena.,104,8,0,0.0,0.0,No aplica ,No aplica ,96,95 dosis en cuarentena y 1 dosis sin cuarentena ,True,True
102,103,2024-04-09 10:55:59,2024-04-09 11:27:36,Clínica Santa María,2024-04-05,Maternidad o neonatologia o sala cuna,15,25,0,0.0,30.0,vacunatorio clínica Santa María,-,25,0,0,0,0,0.0,0.0,-,-,0,0,False,True
103,104,2024-04-09 11:27:39,2024-04-09 11:28:22,Clínica Santa María,2024-04-06,Maternidad o neonatologia o sala cuna,25,4,0,0.0,0.0,-,-,21,0,0,0,0,0.0,0.0,-,-,0,0,True,True
104,105,2024-04-09 11:28:23,2024-04-09 11:29:14,Clínica Santa María,2024-04-07,Maternidad o neonatologia o sala cuna,21,2,0,0.0,0.0,-,-,18,0,0,0,0,0.0,0.0,-,-,0,0,False,True
105,106,2024-04-09 11:29:15,2024-04-09 11:30:57,Clínica Santa María,2024-04-08,Maternidad o neonatologia o sala cuna,18,8,0,0.0,25.0,vacunatorio clínica santa maría,-,34,0,0,0,0,0.0,0.0,0,0,0,0,False,True
106,107,2024-04-09 11:24:30,2024-04-09 11:39:46,Clínica Hospital del Profesor,2024-04-05,Vacunatorio,67,7,0,5.0,12.0,DVI LOURDES - Neonatología CHP ,Neonatología CHP ,67,Neonatología traspasa 2 dosis de 50 mg a vacunatorio- 66 dosis en cuarentena y 6 sin cuarentena ,1,8,0,0.0,10.0,DVI LOURDES,No aplica ,98,95 EN CUARENTENA Y 3 SIN CUARENTENA ,True,False
107,108,2024-04-09 11:39:48,2024-04-09 11:42:55,Clínica Hospital del Profesor,2024-04-08,Vacunatorio,66,0,0,0.0,0.0,No aplica ,No aplica ,67,66 en cuarentena y 1 dosis sin cuarentena ,98,2,0,0.0,0.0,No aplica ,No aplica ,96,95 dosis en cuarentena y 1 dosis sin cuarentena ,False,True
108,109,2024-04-09 12:00:14,2024-04-09 12:09:38,Hospital Clínico Redsalud UC CHRISTUS (Marcoleta),2024-04-08,Maternidad o neonatologia o sala cuna,140,38,0,0.0,140.0, Vacuantorio marcoleta ,0,102,0,10,0,0,0.0,10.0,vacunatorio marcoleta ,0,10,0,False,False
109,110,2024-04-08 20:41:59,2024-04-09 12:17:41,Vaxprosalud,2024-04-02,Vacunatorio,15,0,0,0.0,0.0,-,-,15,"Ese día ingresan las Nirsevimag, y no hay administraciones ",100,0,0,0.0,0.0,DVI Lourdes,-,100,Ese día se retiran de DVI LOURDES 100 DOSIS,True,True
110,111,2024-04-09 12:17:56,2024-04-09 12:20:17,Vaxprosalud,2024-04-03,Vacunatorio,15,1,0,0.0,0.0,-,-,14,comienza la campaña para vaxprosalud,100,7,0,0.0,0.0,-,-,93,0,True,True
111,112,2024-04-09 12:09:59,2024-04-09 12:20:27,Hospital Clínico Redsalud UC CHRISTUS (Marcoleta),2024-04-08,Vacunatorio,7,5,0,140.0,150.0,DVI,Maternidad HCUC y Neonatoligia HCUC,5,0,160,28,0,210.0,385.0,DVI,Vacunatroio san joaquin UC y Neonatologia HCUC,147,0,False,False
112,113,2024-04-09 12:18:34,2024-04-09 12:20:43,Clínica Los Maitenes,2024-04-08,Vacunatorio,48,0,0,0.0,0.0,0,0,48,0,41,4,0,0.0,0.0,0,0,37,0,True,True
113,114,2024-04-09 12:20:27,2024-04-09 12:22:07,Vaxprosalud,2024-04-04,Vacunatorio,14,2,0,0.0,0.0,-,-,12,0,93,6,0,0.0,0.0,-,-,87,0,True,True
114,115,2024-04-09 12:22:09,2024-04-09 12:24:02,Vaxprosalud,2024-04-05,Vacunatorio,12,2,0,0.0,0.0,-,-,10,0,87,10,0,0.0,0.0,-,-,77,0,True,True
115,116,2024-04-09 12:24:05,2024-04-09 12:25:45,Vaxprosalud,2024-04-06,Vacunatorio,10,1,0,0.0,0.0,-,-,9,0,77,0,0,0.0,0.0,-,-,77,0,True,True
116,117,2024-04-09 12:25:47,2024-04-09 12:27:53,Vaxprosalud,2024-04-08,Vacunatorio,9,2,0,0.0,0.0,-,-,7,0,77,3,0,0.0,0.0,-,-,74,0,True,True
117,118,2024-04-09 12:25:43,2024-04-09 12:28:31,Clínica Los Maitenes,2024-04-01,Vacunatorio,0,0,0,0.0,50.0,CAMARA DE FRIO LOURDES,0,50,0,0,0,0,0.0,50.0,CAMARA DE FRIO LOURDES,0,50,0,True,True
118,119,2024-04-09 12:29:08,2024-04-09 12:30:32,Clínica Los Maitenes,2024-04-02,Vacunatorio,50,0,0,0.0,0.0,0,0,50,0,50,1,0,0.0,0.0,0,0,49,0,True,True
119,120,2024-04-09 12:30:46,2024-04-09 12:32:10,Clínica Los Maitenes,2024-04-03,Vacunatorio,50,1,0,0.0,0.0,0,0,49,0,49,1,0,0.0,0.0,0,0,48,0,True,True
120,121,2024-04-09 12:30:46,2024-04-09 12:33:27,Clínica Los Maitenes,2024-04-04,Vacunatorio,49,1,0,0.0,0.0,0,0,48,0,48,4,0,0.0,0.0,0,0,44,0,True,True
121,122,2024-04-09 12:33:50,2024-04-09 12:34:47,Clínica Los Maitenes,2024-04-05,Vacunatorio,48,0,0,0.0,0.0,0,0,48,0,44,2,0,0.0,0.0,0,0,42,0,True,True
122,123,2024-04-09 12:34:52,2024-04-09 12:35:50,Clínica Los Maitenes,2024-04-06,Vacunatorio,48,0,0,0.0,0.0,0,0,48,0,42,1,0,0.0,0.0,0,0,41,0,True,True
123,124,2024-04-09 09:28:45,2024-04-09 12:56:43,Hospital Clínico Universidad de Chile,2024-04-01,Maternidad o neonatologia o sala cuna,30,2,0,0.0,0.0,0,-,28,0,1,0,0,0.0,0.0,0,-,1,0,True,True
124,125,2024-04-09 12:54:12,2024-04-09 12:57:08,Centro Médico Militar Rosa O'Higgins,2024-04-02,Vacunatorio,20,1,0,0.0,1.0,Cámara frío Lourdes,0,19,0,50,3,0,0.0,3.0,Cámara frío Lourdes,0,47,0,False,False
125,126,2024-04-09 12:57:21,2024-04-09 12:58:10,Centro Médico Militar Rosa O'Higgins,2024-04-03,Vacunatorio,19,0,0,0.0,0.0,0,0,19,0,47,0,0,0.0,0.0,0,0,47,0,True,True
126,127,2024-04-09 12:56:46,2024-04-09 12:59:08,Hospital Clínico Universidad de Chile,2024-04-02,Maternidad o neonatologia o sala cuna,28,3,0,0.0,0.0,0,0,25,0,1,0,0,0.0,0.0,0,0,1,0,True,True
127,128,2024-04-09 12:58:22,2024-04-09 12:59:10,Centro Médico Militar Rosa O'Higgins,2024-04-04,Vacunatorio,19,1,0,0.0,1.0,0,0,18,0,47,2,0,0.0,2.0,0,0,45,0,False,False
128,129,2024-04-09 12:59:11,2024-04-09 12:59:50,Centro Médico Militar Rosa O'Higgins,2024-04-05,Vacunatorio,18,0,0,0.0,0.0,0,0,18,0,45,0,0,0.0,0.0,0,0,45,0,True,True
129,130,2024-04-09 12:59:51,2024-04-09 13:00:45,Centro Médico Militar Rosa O'Higgins,2024-04-08,Vacunatorio,18,0,0,0.0,0.0,0,0,18,0,45,1,0,0.0,1.0,0,0,44,0,True,False
130,131,2024-04-09 12:59:11,2024-04-09 13:00:56,Hospital Clínico Universidad de Chile,2024-04-03,Maternidad o neonatologia o sala cuna,25,1,0,0.0,0.0,0,0,24,0,1,0,0,0.0,0.0,0,0,1,0,True,True
131,132,2024-04-09 13:01:09,2024-04-09 13:03:46,Procedimientos Clínicos Alto Tabancura,2024-04-08,Vacunatorio,0,0,0,0.0,0.0,0,0,0,0,0,0,0,0.0,0.0,0,0,0,0,True,True
132,133,2024-04-09 13:34:07,2024-04-09 13:41:08,KUME FELEN SPA,2024-04-08,Vacunatorio,9,1,0,0.0,0.0,0,0,8,0,32,5,0,0.0,0.0,0,0,27,0,True,True
133,134,2024-04-09 12:34:21,2024-04-09 13:44:56,Centro Médico Clínica Las Condes Peñalolen,2024-04-08,Vacunatorio,9,6,0,0.0,15.0,DVI LOURDES,0,6,0,34,36,0,0.0,70.0,DVI LOURDES,0,27,0,False,False
134,135,2024-04-09 13:00:59,2024-04-09 13:55:55,Hospital Clínico Universidad de Chile,2024-04-04,Maternidad o neonatologia o sala cuna,24,3,0,0.0,0.0,0,0,21,0,1,0,0,0.0,0.0,0,0,1,0,True,True
135,136,2024-04-09 13:56:09,2024-04-09 13:57:22,Hospital Clínico Universidad de Chile,2024-04-05,Maternidad o neonatologia o sala cuna,21,2,0,0.0,0.0,0,0,19,0,1,0,0,0.0,0.0,0,0,1,0,True,True
136,137,2024-04-09 13:57:24,2024-04-09 13:58:51,Hospital Clínico Universidad de Chile,2024-04-06,Maternidad o neonatologia o sala cuna,19,2,0,0.0,0.0,0,0,17,0,1,0,0,0.0,0.0,0,0,1,0,True,True
137,138,2024-04-09 13:58:54,2024-04-09 14:00:01,Hospital Clínico Universidad de Chile,2024-04-07,Maternidad o neonatologia o sala cuna,17,2,0,0.0,0.0,0,0,15,0,1,0,0,0.0,0.0,0,0,1,0,True,True
138,139,2024-04-09 14:00:03,2024-04-09 14:01:09,Hospital Clínico Universidad de Chile,2024-04-08,Maternidad o neonatologia o sala cuna,15,2,0,0.0,0.0,0,0,13,0,1,0,0,0.0,0.0,0,0,1,0,True,True
139,141,2024-04-09 14:21:14,2024-04-09 14:24:16,Vacunatorio Chicureo Spa,2024-04-09,Vacunatorio,0,0,0,0.0,5.0,DVI Lourdes,0,5,0,10,2,0,0.0,0.0,0,0,8,0,True,True
140,151,2024-04-09 14:34:27,2024-04-09 14:46:39,Vacunatorio Medicien El Plomo ( UC Chritus),2024-04-01,Vacunatorio,0,0,0,0.0,0.0,-,-,0,Dosis de 50 mg de Nirsevimab llegaron el 05-04,50,0,0,0.0,0.0,-,-,50,0,True,True
141,152,2024-04-09 14:46:42,2024-04-09 14:48:11,Vacunatorio Medicien El Plomo ( UC Chritus),2024-04-02,Vacunatorio,0,0,0,0.0,0.0,-,-,0,Dosis de 50 mg de Nirsevimab llegaron el 05-04,50,0,0,0.0,0.0,-,-,50,0,True,True
142,153,2024-04-09 14:48:25,2024-04-09 14:49:13,Vacunatorio Medicien El Plomo ( UC Chritus),2024-04-03,Vacunatorio,0,0,0,0.0,0.0,-,-,0,Dosis de 50 mg de Nirsevimab llegaron el 05-04,50,0,0,0.0,0.0,-,-,50,0,True,True
143,154,2024-04-09 14:49:15,2024-04-09 14:50:24,Vacunatorio Medicien El Plomo ( UC Chritus),2024-04-04,Vacunatorio,0,0,0,0.0,0.0,-,-,0,Dosis de 50 mg de Nirsevimab llegaron el 05-04,50,1,0,0.0,0.0,-,-,49,0,True,True
144,155,2024-04-09 14:53:30,2024-04-09 14:57:34,Clínica Dávila Vespucio,2024-04-01,Maternidad o neonatologia o sala cuna,0,0,0,0.0,5.0,vacunatorio,0,5,0,0,0,0,0.0,0.0,0,0,0,0,True,True
145,156,2024-04-09 14:57:35,2024-04-09 14:58:29,Clínica Dávila Vespucio,2024-04-02,Maternidad o neonatologia o sala cuna,5,6,0,0.0,5.0,vacunatorio,0,4,0,0,0,0,0.0,0.0,0,0,0,0,True,True
146,157,2024-04-09 14:58:30,2024-04-09 14:59:23,Clínica Dávila Vespucio,2024-04-03,Maternidad o neonatologia o sala cuna,4,15,0,0.0,20.0,vacunatorio,0,9,0,0,0,0,0.0,0.0,0,0,0,0,True,True
147,158,2024-04-09 14:59:24,2024-04-09 15:00:11,Clínica Dávila Vespucio,2024-04-04,Maternidad o neonatologia o sala cuna,9,0,0,0.0,5.0,vacunatorio,0,14,0,0,0,0,0.0,0.0,0,0,0,0,True,True
148,159,2024-04-09 15:00:12,2024-04-09 15:01:17,Clínica Dávila Vespucio,2024-04-05,Maternidad o neonatologia o sala cuna,14,14,0,0.0,15.0,vacunatorio,0,15,0,0,0,0,0.0,0.0,0,0,0,0,True,True
149,160,2024-04-09 15:01:19,2024-04-09 15:02:03,Clínica Dávila Vespucio,2024-04-06,Maternidad o neonatologia o sala cuna,15,5,0,0.0,0.0,0,0,10,0,0,0,0,0.0,0.0,0,0,0,0,True,True
150,161,2024-04-09 15:02:04,2024-04-09 15:02:54,Clínica Dávila Vespucio,2024-04-07,Maternidad o neonatologia o sala cuna,10,3,0,0.0,0.0,0,0,7,0,0,0,0,0.0,0.0,0,0,0,0,True,True
151,162,2024-04-09 15:02:56,2024-04-09 15:03:44,Clínica Dávila Vespucio,2024-04-08,Maternidad o neonatologia o sala cuna,7,4,0,0.0,0.0,0,0,3,0,0,0,0,0.0,0.0,0,0,0,0,True,True
152,163,2024-04-09 14:58:54,2024-04-09 15:06:25,Hospital Clínico Universidad de Chile,2024-04-01,Vacunatorio,75,1,0,30.0,75.0,DVI LOURDES,Neonatologia HCUCH,44,0,100,1,0,0.0,100.0,DVI,0,99,0,False,False
153,164,2024-04-09 15:06:29,2024-04-09 15:07:48,Hospital Clínico Universidad de Chile,2024-04-02,Vacunatorio,44,3,0,0.0,0.0,0,0,41,0,98,1,0,0.0,0.0,0,0,97,0,True,True
154,165,2024-04-09 14:50:26,2024-04-09 15:08:49,Vacunatorio Medicien El Plomo ( UC Chritus),2024-04-05,Vacunatorio,0,2,0,0.0,10.0,DVI Lourdes,-,8,"Se inicia la jornada sin dosis, durante el día llegan las vacunas",49,1,0,0.0,0.0,-,-,48,0,True,True
155,166,2024-04-09 15:08:51,2024-04-09 15:10:05,Vacunatorio Medicien El Plomo ( UC Chritus),2024-04-06,Vacunatorio,8,0,0,0.0,0.0,-,-,8,0,48,1,0,0.0,0.0,-,-,47,0,True,True
156,167,2024-04-09 15:07:53,2024-04-09 15:10:47,Hospital Clínico Universidad de Chile,2024-04-03,Vacunatorio,41,3,0,0.0,0.0,0,0,38,0,97,5,0,0.0,0.0,0,0,92,0,True,True
157,168,2024-04-09 15:10:07,2024-04-09 15:11:54,Vacunatorio Medicien El Plomo ( UC Chritus),2024-04-08,Vacunatorio,8,1,0,0.0,0.0,-,-,7,0,47,4,0,0.0,0.0,-,-,43,0,True,True
158,169,2024-04-09 15:10:49,2024-04-09 15:13:00,Hospital Clínico Universidad de Chile,2024-04-04,Vacunatorio,38,1,0,0.0,0.0,0,0,37,0,92,3,0,0.0,0.0,0,0,89,0,True,True
159,170,2024-04-09 15:13:02,2024-04-09 15:15:10,Hospital Clínico Universidad de Chile,2024-04-05,Vacunatorio,37,1,0,0.0,0.0,0,0,36,0,89,1,0,0.0,0.0,0,0,88,0,True,True
160,171,2024-04-09 15:15:12,2024-04-09 15:17:19,Hospital Clínico Universidad de Chile,2024-04-08,Vacunatorio,36,4,0,0.0,0.0,0,0,32,0,88,2,0,0.0,0.0,0,0,86,0,True,True
161,172,2024-04-09 15:17:21,2024-04-09 15:19:41,Hospital Clínico Universidad de Chile,2024-04-09,Vacunatorio,32,1,0,20.0,0.0,0,NEONATOLOGIA HCUCH,11,0,86,3,0,0.0,0.0,0,0,83,0,True,True
162,173,2024-04-09 15:27:14,2024-04-09 15:31:48,Vacunatorio Clínica El Bosque,2024-04-02,Vacunatorio,0,0,0,0.0,10.0,DVI Lourdes,0,10,0,0,1,0,0.0,50.0,DVI Lourdes,0,49,0,True,True
163,174,2024-04-09 15:31:51,2024-04-09 15:34:50,Vacunatorio Clínica El Bosque,2024-04-03,Vacunatorio,10,5,0,0.0,0.0,0,0,5,0,49,12,0,0.0,0.0,0,0,37,0,True,True
164,175,2024-04-09 15:34:52,2024-04-09 15:36:29,Vacunatorio Clínica El Bosque,2024-04-04,Vacunatorio,5,5,0,0.0,0.0,0,0,0,0,37,6,0,0.0,0.0,0,0,31,0,True,True
165,176,2024-04-09 15:36:31,2024-04-09 15:38:18,Vacunatorio Clínica El Bosque,2024-04-05,Vacunatorio,0,0,0,0.0,0.0,0,0,0,0,31,10,0,0.0,0.0,0,0,21,0,True,True
166,177,2024-04-09 15:38:39,2024-04-09 15:40:25,Vacunatorio Clínica El Bosque,2024-04-08,Vacunatorio,0,0,0,0.0,20.0,DVI Lourdes,0,20,0,21,7,0,0.0,10.0,DVI Lourdes,0,24,0,True,True
167,178,2024-04-09 15:44:22,2024-04-09 15:46:51,Consultorio Tantauco,2024-04-01,Vacunatorio,0,0,0,0.0,5.0,DVI SUR,0,5,0,0,0,0,0.0,15.0,DVI SUR,0,15,0,True,True
168,179,2024-04-09 15:43:32,2024-04-09 15:51:15,Clínica Juan Pablo II,2024-04-02,Maternidad o neonatologia o sala cuna,170,6,0,0.0,0.0,0,0,164,0,0,0,0,0.0,0.0,0,0,0,0,True,True
169,180,2024-04-09 15:46:53,2024-04-09 15:53:11,Consultorio Tantauco,2024-04-02,Vacunatorio,5,0,0,0.0,0.0,0,0,5,0,15,0,0,0.0,0.0,0,0,15,0,True,True
170,181,2024-04-09 15:51:26,2024-04-09 15:53:40,Clínica Juan Pablo II,2024-04-03,Maternidad o neonatologia o sala cuna,164,8,0,0.0,0.0,0,0,156,0,0,0,0,0.0,0.0,0,0,0,0,True,True
171,182,2024-04-09 15:41:47,2024-04-09 15:54:07,Vacunatorio Inmuvax,2024-04-01,Vacunatorio,0,0,0,0.0,0.0,DVI LOURDES,VACUNATORIO,0,SIN VACUNAS HASTA LA FECHA,0,0,0,0.0,0.0,DVI LOURDES,VACUNATORIO,0,SIN VACUNAS,True,True
172,183,2024-04-09 15:53:12,2024-04-09 15:54:10,Consultorio Tantauco,2024-04-03,Vacunatorio,5,0,0,0.0,0.0,0,0,5,0,15,0,0,0.0,0.0,0,0,15,0,True,True
173,184,2024-04-09 15:54:11,2024-04-09 15:54:54,Consultorio Tantauco,2024-04-04,Vacunatorio,5,0,0,0.0,0.0,0,0,5,0,15,1,0,0.0,0.0,0,0,14,0,True,True
174,185,2024-04-09 15:54:55,2024-04-09 15:55:30,Consultorio Tantauco,2024-04-05,Vacunatorio,5,0,0,0.0,0.0,0,0,5,0,14,1,0,0.0,0.0,0,0,13,0,True,True
175,186,2024-04-09 15:53:47,2024-04-09 15:56:24,Clínica Juan Pablo II,2024-04-05,Maternidad o neonatologia o sala cuna,156,10,0,0.0,0.0,0,0,146,0,0,0,0,0.0,0.0,0,0,0,0,True,True
176,187,2024-04-09 15:11:55,2024-04-09 15:58:05,Vacunatorio Medicien El Plomo ( UC Chritus),2024-04-09,Vacunatorio,7,0,0,0.0,0.0,-,-,7,0,43,1,0,0.0,0.0,-,-,42,0,True,True
177,188,2024-04-09 15:56:27,2024-04-09 15:59:04,Clínica Juan Pablo II,2024-04-06,Maternidad o neonatologia o sala cuna,146,7,0,0.0,0.0,0,0,139,0,0,0,0,0.0,0.0,0,0,0,0,True,True
178,189,2024-04-09 15:59:07,2024-04-09 16:00:27,Clínica Juan Pablo II,2024-04-07,Maternidad o neonatologia o sala cuna,139,1,0,0.0,0.0,0,0,138,0,0,0,0,0.0,0.0,0,0,0,0,True,True
179,190,2024-04-09 15:58:48,2024-04-09 16:01:10,Red Salud Santiago ex Clínica Bicentenario,2024-04-08,Maternidad o neonatologia o sala cuna,75,65,0,0.0,0.0,0,0,10,Se informan Nirsevimab administrado hasta el día 08/04/2024,0,0,0,0.0,0.0,0,0,0,No se administran dosis de 100 mg,True,True
180,191,2024-04-09 16:04:20,2024-04-09 16:05:37,Procedimientos Clínicos Alto Tabancura,2024-04-01,Vacunatorio,0,0,0,0.0,0.0,0,0,0,0,0,0,0,0.0,0.0,0,0,0,0,True,True
181,192,2024-04-09 16:00:29,2024-04-09 16:05:52,Clínica Juan Pablo II,2024-04-08,Maternidad o neonatologia o sala cuna,138,4,0,0.0,0.0,0,0,134,0,0,0,0,0.0,0.0,0,0,0,0,True,True
182,193,2024-04-09 16:05:45,2024-04-09 16:06:41,Procedimientos Clínicos Alto Tabancura,2024-04-02,Vacunatorio,0,0,0,0.0,0.0,0,0,0,0,0,0,0,0.0,0.0,0,0,0,0,True,True
183,194,2024-04-09 16:06:07,2024-04-09 16:07:32,Clínica Juan Pablo II,2024-04-09,Maternidad o neonatologia o sala cuna,134,2,0,0.0,0.0,0,0,132,0,0,0,0,0.0,0.0,0,0,0,0,True,True
184,195,2024-04-09 16:06:46,2024-04-09 16:07:35,Procedimientos Clínicos Alto Tabancura,2024-04-03,Vacunatorio,0,0,0,0.0,0.0,0,0,0,0,0,0,0,0.0,0.0,0,0,0,0,True,True
185,196,2024-04-09 15:54:14,2024-04-09 16:07:59,Vacunatorio Inmuvax,2024-04-02,Vacunatorio,0,0,0,0.0,0.0,DVI LOURDES,VACUNATORIO,0,SIN VACUNAS,0,0,0,0.0,0.0,DVI LOURDES,VACUNATORIO,0,SIN VACUNAS,True,True
186,197,2024-04-09 16:07:40,2024-04-09 16:08:30,Procedimientos Clínicos Alto Tabancura,2024-04-05,Vacunatorio,0,0,0,0.0,0.0,0,0,0,0,0,0,0,0.0,0.0,0,0,0,0,True,True
187,198,2024-04-09 16:05:46,2024-04-09 16:08:58,Centro Médico Clínica Alemana de Chicureo,2024-04-05,Vacunatorio,10,5,0,0.0,0.0,0,0,5,"Reporte anterior con la misma fecha es no válido, tiene un error. Este es el correcto",103,14,0,0.0,0.0,0,0,89,"Reporte anterior con la misma fecha es no válido, tiene un error. Este es el correcto",True,True
188,199,2024-04-09 16:08:34,2024-04-09 16:09:40,Procedimientos Clínicos Alto Tabancura,2024-04-04,Vacunatorio,0,0,0,0.0,0.0,0,0,0,0,0,0,0,0.0,0.0,0,0,0,0,True,True
189,200,2024-04-09 16:08:08,2024-04-09 16:15:34,Vacunatorio Inmuvax,2024-04-03,Vacunatorio,0,0,0,0.0,0.0,0,VACUNATORIO,0,0,0,0,0,0.0,0.0,DVI LOURDES,VACUNATORIO,0,SIN VACUNAS,True,True
190,201,2024-04-09 16:15:37,2024-04-09 16:16:37,Vacunatorio Inmuvax,2024-04-04,Vacunatorio,0,0,0,0.0,0.0,DVI LOURDES,VACUNATORIO ,0,SIN VACUNAS,0,0,0,0.0,0.0,DVI LOURDES,VACUNATORIO,0,SIN VACUNAS,True,True
191,202,2024-04-09 16:15:57,2024-04-09 16:17:17,Centro Médico Clínica Alemana de Chicureo,2024-04-06,Vacunatorio,5,0,0,0.0,0.0,0,0,5,"Reporte anterior con la misma fecha es no válido, tiene un error. Este es el correcto",89,2,0,0.0,0.0,0,0,87,"Reporte anterior con la misma fecha es no válido, tiene un error. Este es el correcto",True,True
192,203,2024-04-09 16:16:40,2024-04-09 16:17:35,Vacunatorio Inmuvax,2024-04-05,Vacunatorio,0,0,0,0.0,0.0,DVI LOURDES,VACUNATORIO,0,SIN VACUNAS,0,0,0,0.0,0.0,DVI LOURDES,VACUNATORIO,0,SIN VACUNAS,True,True
193,204,2024-04-09 16:17:37,2024-04-09 16:18:41,Vacunatorio Inmuvax,2024-04-06,Vacunatorio,0,0,0,0.0,0.0,DVI LOURDES,VACUNATORIO,0,SIN VACUNAS,0,0,0,0.0,0.0,DVI LOURDES,VACUNATORIO,0,SIN VACUNAS,True,True
194,205,2024-04-09 16:17:22,2024-04-09 16:18:50,Centro Médico Clínica Alemana de Chicureo,2024-04-08,Vacunatorio,5,4,0,0.0,0.0,0,0,1,0,87,10,0,0.0,0.0,0,0,77,0,True,True
195,206,2024-04-09 16:17:47,2024-04-09 16:19:14,Clínica BUPA Santiago,2024-04-09,Vacunatorio,85,0,0,0.0,0.0,0,0,85,0,68,7,0,0.0,0.0,0,0,61,0,True,True
196,207,2024-04-09 16:18:29,2024-04-09 16:19:16,Consultorio Tantauco,2024-04-09,Vacunatorio,5,0,0,0.0,0.0,0,0,5,0,13,0,0,0.0,0.0,0,0,13,0,True,True
197,208,2024-04-09 16:18:43,2024-04-09 16:19:35,Vacunatorio Inmuvax,2024-04-08,Vacunatorio,0,0,0,0.0,0.0,DVI LOURDES,VACUNATORIO,0,SIN VACUNAS,0,0,0,0.0,0.0,DVI LOURDES,VACUNATORIO,0,SIN VACUNAS,True,True
198,209,2024-04-09 16:19:18,2024-04-09 16:20:34,Clínica BUPA Santiago,2024-04-09,Maternidad o neonatologia o sala cuna,12,2,0,0.0,0.0,0,0,10,0,0,0,0,0.0,0.0,0,0,0,0,True,True
199,210,2024-04-09 15:16:55,2024-04-09 16:20:42,Red Salud Santiago ex Clínica Bicentenario,2024-04-08,Vacunatorio,89,46,0,75.0,0.0,DVI LOURDES ,MATERNIDAD REDSALUD SANTIAGO ,89,0,242,70,0,0.0,0.0,DVI LOURDES,0,230,0,False,False
200,211,2024-04-09 08:29:39,2024-04-09 16:21:01,Hospital FACH,2024-04-01,Maternidad o neonatologia o sala cuna,10,1,0,0.0,10.0,VACUNATORIO HOSPITAL FACH,0,9,ESTE FORMULARIO CORRESPONDE A LA MATERNIDAD DEL HOSPITAL FACH,0,0,0,0.0,0.0,0,0,0,ESTO CORRESPONDE A MATERNIDAD,False,True
201,212,2024-04-09 16:18:30,2024-04-09 16:21:10,Centro Médico Militar Rosa O'Higgins,2024-04-09,Vacunatorio,18,0,0,0.0,0.0,0,0,18,0,44,1,0,0.0,0.0,0,0,43,0,True,True
202,213,2024-04-09 16:23:33,2024-04-09 16:25:11,Clínica Hospital del Profesor,2024-04-01,Maternidad o neonatologia o sala cuna,25,13,0,0.0,0.0,0,No aplica ,12,0,0,0,0,0.0,0.0,0,No aplica ,0,0,True,True
203,214,2024-04-09 16:25:13,2024-04-09 16:26:51,Clínica Hospital del Profesor,2024-04-02,Maternidad o neonatologia o sala cuna,12,2,0,0.0,0.0,0,No aplica ,10,0,0,0,0,0.0,0.0,No aplica ,No aplica ,0,0,True,True
204,215,2024-04-09 16:26:53,2024-04-09 16:28:14,Clínica Hospital del Profesor,2024-04-03,Maternidad o neonatologia o sala cuna,10,3,0,0.0,10.0,Vacunatorio Central ,0,10,0,0,0,0,0.0,0.0,No aplica ,No aplica ,0,0,False,True
205,216,2024-04-09 16:19:37,2024-04-09 16:28:37,Vacunatorio Inmuvax,2024-04-09,Vacunatorio,0,0,0,0.0,5.0,DVI LOURDES,VACUNATORIO INMUVAX,5,LLEGAN AL MEDIO DÍA,0,0,0,0.0,35.0,DVI LOURDES,VACUNATORIO INMUVAX,35,LLEGAN AL MEDIO DIA,True,True
206,217,2024-04-09 16:28:16,2024-04-09 16:29:19,Clínica Hospital del Profesor,2024-04-04,Maternidad o neonatologia o sala cuna,10,3,0,0.0,0.0,No aplica ,No aplica ,7,0,0,0,0,0.0,0.0,No aplica ,No aplica ,0,0,True,True
207,218,2024-04-09 16:29:21,2024-04-09 16:31:07,Clínica Hospital del Profesor,2024-04-05,Maternidad o neonatologia o sala cuna,7,1,0,2.0,5.0,Vacunatorio CHP ,Vacunatorio CHP ,9,Se traspasan 2 dosis de 50 mg a vacunatorio CHP ,0,0,0,0.0,0.0,No aplica ,No aplica ,0,0,True,True
208,219,2024-04-09 16:31:09,2024-04-09 16:32:20,Clínica Hospital del Profesor,2024-04-06,Maternidad o neonatologia o sala cuna,9,2,0,0.0,0.0,No aplica ,No aplica ,7,0,0,0,0,0.0,0.0,No aplica ,No aplica ,0,0,True,True
209,220,2024-04-09 16:32:22,2024-04-09 16:34:23,Clínica Hospital del Profesor,2024-04-07,Maternidad o neonatologia o sala cuna,7,0,0,0.0,0.0,No aplica ,No aplica ,7,0,0,0,0,0.0,0.0,No aplica ,No aplica 0,0,0,True,True
210,221,2024-04-09 16:34:25,2024-04-09 16:35:21,Clínica Hospital del Profesor,2024-04-08,Maternidad o neonatologia o sala cuna,7,3,0,0.0,0.0,No aplica ,No aplica ,4,0,0,0,0,0.0,0.0,No aplica ,No aplica ,0,0,True,True
211,222,2024-04-09 16:34:38,2024-04-09 16:37:57,Centro Médico Clínica Las Condes Peñalolen,2024-04-09,Vacunatorio,6,9,0,0.0,15.0,DVI Lourdes,0,5,0,27,43,0,0.0,70.0,DVI Lourdes,0,26,0,False,False
212,223,2024-04-09 16:53:52,2024-04-09 17:00:45,Hospital FACH,2024-04-02,Maternidad o neonatologia o sala cuna,9,0,0,0.0,0.0,-,-,9,0,0,0,0,0.0,0.0,-,-,0,0,True,True
213,224,2024-04-09 16:55:55,2024-04-09 16:57:53,Hospital Clínico Universidad de los Andes,2024-04-09,Vacunatorio,71,5,0,35.0,0.0,0,MATERNIDAD,31,0,198,12,0,0.0,0.0,0,0,171,0,True,False
214,225,2024-04-09 16:57:45,2024-04-09 16:59:30,Clínica Hospital del Profesor,2024-04-09,Maternidad o neonatologia o sala cuna,4,3,0,0.0,3.0,Vacunatorio CHP,No aplica ,4,0,0,0,0,0.0,0.0,No aplica ,No aplica ,0,0,True,True
215,226,2024-04-09 16:57:26,2024-04-09 17:00:31,Clínica Santa Rosa,2024-04-04,Maternidad o neonatologia o sala cuna,200,24,0,0.0,0.0,0,0,176,0,0,0,0,0.0,0.0,0,0,0,No se solicitaron vacunas de 100mg debido a promedio anual de peso de RN en Maternidad,True,True
216,227,2024-04-09 17:02:56,2024-04-09 17:10:05,Hospital FACH,2024-04-03,Maternidad o neonatologia o sala cuna,9,5,0,0.0,0.0,-,-,4,0,0,0,0,0.0,0.0,-,-,0,0,True,True
217,228,2024-04-09 17:00:42,2024-04-09 17:06:11,Clínica Santa Rosa,2024-04-05,Maternidad o neonatologia o sala cuna,176,8,0,0.0,0.0,0,0,168,0,0,0,0,0.0,0.0,0,0,0,0,True,True
218,229,2024-04-09 17:06:18,2024-04-09 17:07:33,Clínica Santa Rosa,2024-04-06,Maternidad o neonatologia o sala cuna,168,10,0,0.0,0.0,0,0,158,0,0,0,0,0.0,0.0,0,0,0,0,True,True
219,230,2024-04-09 17:07:39,2024-04-09 17:08:30,Clínica Santa Rosa,2024-04-07,Maternidad o neonatologia o sala cuna,158,7,0,0.0,0.0,0,0,151,0,0,0,0,0.0,0.0,0,0,0,0,True,True
220,231,2024-04-09 17:07:22,2024-04-09 17:09:32,Vacunatorio RENVAC,2024-04-09,Vacunatorio,4,1,0,0.0,0.0,0,0,3,0,8,3,0,0.0,0.0,0,0,5,0,True,True
221,232,2024-04-09 17:07:32,2024-04-09 17:09:40,Hospital Militar de Santiago,2024-04-09,Vacunatorio,1,0,0,0.0,5.0,DVI,0,6,0,29,3,0,0.0,0.0,0,0,26,0,True,True
222,233,2024-04-09 17:09:01,2024-04-09 17:09:47,Clínica Santa Rosa,2024-04-08,Maternidad o neonatologia o sala cuna,151,7,0,0.0,0.0,0,0,144,0,0,0,0,0.0,0.0,0,0,0,0,True,True
223,234,2024-04-09 17:19:05,2024-04-09 17:21:08,Hospital FACH,2024-04-04,Maternidad o neonatologia o sala cuna,4,1,0,0.0,0.0,-,-,3,0,0,0,0,0.0,0.0,-,-,0,0,True,True
224,235,2024-04-09 15:28:59,2024-04-09 17:10:52,Vacunatorio Varik,2024-04-09,Vacunatorio,20,7,0,0.0,20.0,DVI,0,13,"Estimados, envío información desde el día 04/04 que fue el día en el cual fuimos a buscar las dosis a la DVI hasta la fecha.",100,27,0,0.0,100.0,DVI,0,73,"Estimados, envío información desde el día 04/04 que fue el día en el cual fuimos a buscar las dosis a la DVI hasta la fecha.",False,False
225,236,2024-04-09 17:09:23,2024-04-09 17:11:59,Vacunatorio Centro Medico Vidaintegra Alameda,2024-04-09,Vacunatorio,20,0,0,0.0,0.0,NINGUNA,NINGUNA,20,0,48,3,0,0.0,0.0,NINGUNA,NINGUNO,45,0,True,True
226,237,2024-04-09 17:25:45,2024-04-09 17:28:01,Hospital FACH,2024-04-05,Maternidad o neonatologia o sala cuna,3,0,0,0.0,5.0,VACUNATORIO HOSPITAL FACH,-,8,0,0,0,0,0.0,0.0,-,-,0,0,True,True
227,238,2024-04-09 18:00:28,2024-04-09 18:02:00,Hospital FACH,2024-04-06,Maternidad o neonatologia o sala cuna,8,0,0,0.0,0.0,-,-,8,0,0,0,0,0.0,0.0,-,-,0,0,True,True
228,239,2024-04-09 18:02:02,2024-04-09 18:03:24,Hospital FACH,2024-04-07,Maternidad o neonatologia o sala cuna,8,2,0,0.0,0.0,-,-,6,0,0,0,0,0.0,0.0,0,-,0,0,True,True
229,240,2024-04-09 17:17:09,2024-04-09 17:18:51,Vacunatorio Bio Salud,2024-04-09,Vacunatorio,19,0,0,0.0,0.0,0,0,19,0,59,0,0,0.0,0.0,0,0,59,0,True,True
230,241,2024-04-09 18:03:25,2024-04-09 18:05:14,Hospital FACH,2024-04-08,Maternidad o neonatologia o sala cuna,6,1,0,0.0,0.0,0,0,5,0,0,0,0,0.0,0.0,0,0,0,0,True,True
231,242,2024-04-10 12:54:51,2024-04-10 12:59:52,Hospital FACH,2024-04-09,Maternidad o neonatologia o sala cuna,5,1,0,0.0,0.0,0,0,4,0,0,0,0,0.0,0.0,0,0,0,0,True,True
232,243,2024-04-10 10:13:18,2024-04-10 10:26:44,Hospital FACH,2024-04-01,Vacunatorio,0,0,0,10.0,25.0,DVI LOURDES,MATERNIDAD,15,0,0,0,0,0.0,0.0,0,0,0,0,True,True
233,244,2024-04-09 17:39:02,2024-04-09 17:39:40,CENTRO MÉDICO Y DENTAL FUNDACIÓN,2024-04-01,Vacunatorio,0,0,0,0.0,0.0,0,0,0,0,10,0,0,0.0,0.0,0,0,10,0,True,True
234,245,2024-04-09 17:38:27,2024-04-09 17:39:00,CENTRO MÉDICO Y DENTAL FUNDACIÓN,2024-04-02,Vacunatorio,0,0,0,0.0,0.0,0,0,0,0,10,0,0,0.0,0.0,0,0,10,0,True,True
235,246,2024-04-09 17:37:28,2024-04-09 17:38:25,CENTRO MÉDICO Y DENTAL FUNDACIÓN,2024-04-03,Vacunatorio,0,0,0,0.0,0.0,0,0,0,0,10,0,0,0.0,0.0,0,0,10,0,True,True
236,247,2024-04-10 10:37:51,2024-04-10 10:38:30,Hospital FACH,2024-04-02,Vacunatorio,15,0,0,0.0,0.0,0,0,15,0,0,0,0,0.0,0.0,0,0,0,0,True,True
237,248,2024-04-09 17:36:34,2024-04-09 17:37:26,CENTRO MÉDICO Y DENTAL FUNDACIÓN,2024-04-04,Vacunatorio,0,0,0,0.0,0.0,0,0,0,0,10,1,0,0.0,0.0,0,0,9,0,True,True
238,249,2024-04-09 17:39:41,2024-04-09 17:40:28,CENTRO MÉDICO Y DENTAL FUNDACIÓN,2024-04-05,Vacunatorio,0,0,0,0.0,0.0,0,0,0,0,9,0,0,0.0,0.0,0,0,9,0,True,True
239,250,2024-04-09 17:40:29,2024-04-09 17:41:12,CENTRO MÉDICO Y DENTAL FUNDACIÓN,2024-04-08,Vacunatorio,0,0,0,0.0,0.0,0,0,0,0,9,0,0,0.0,0.0,0,0,9,0,True,True
240,251,2024-04-09 17:41:43,2024-04-09 17:42:16,CENTRO MÉDICO Y DENTAL FUNDACIÓN,2024-04-09,Vacunatorio,0,0,0,0.0,0.0,0,0,0,0,9,0,0,0.0,0.0,0,0,9,0,True,True
241,252,2024-04-09 17:41:49,2024-04-09 17:45:27,Hospital Clínico Redsalud UC CHRISTUS (Marcoleta),2024-04-09,Vacunatorio,5,5,0,0.0,0.0,0,0,0,0,1478,80,0,0.0,0.0,0,0,139,0,True,False
242,253,2024-04-09 17:47:27,2024-04-09 17:48:42,Hospital Clínico Redsalud UC CHRISTUS (Marcoleta),2024-04-09,Maternidad o neonatologia o sala cuna,25,0,0,0.0,0.0,0,0,25,0,10,0,0,0.0,0.0,0,0,10,0,True,True
243,254,2024-04-09 17:47:22,2024-04-09 17:49:02,NewVax,2024-04-09,Vacunatorio,3,0,0,0.0,0.0,0,0,3,0,12,2,0,0.0,0.0,0,0,10,0,True,True
244,255,2024-04-09 17:48:34,2024-04-09 17:51:02,Clínica San Carlos de Apoquindo Redsalud UC CHRISTUS,2024-04-09,Vacunatorio,204,1,0,0.0,0.0,0,0,203,0,182,9,0,0.0,0.0,0,0,173,0,True,True
245,256,2024-04-09 17:51:23,2024-04-09 17:54:08,Clínica Hospital del Profesor,2024-04-09,Vacunatorio,67,5,0,3.0,10.0,DVI Lourdes ,Neonatologia CHP,69,66 en cuarentena ,96,8,0,0.0,20.0,DVI Lourdes ,No aplica ,108,95 Dosis en cuarentena ,True,True
246,257,2024-04-10 10:38:57,2024-04-10 10:43:40,Hospital FACH,2024-04-03,Vacunatorio,15,0,0,0.0,30.0,DVI LOURDES,0,45,0,0,1,0,0.0,30.0,DVI LOURDES,0,29,0,True,True
247,258,2024-04-09 18:02:30,2024-04-09 18:05:32,Clínica Indisa Maipú,2024-04-09,Vacunatorio,9,3,0,0.0,0.0,0,0,6,0,80,10,0,0.0,0.0,0,0,70,0,True,True
248,259,2024-04-09 18:02:08,2024-04-09 18:06:32,Clínica Indisa Providencia,2024-04-09,Vacunatorio,140,14,126,0.0,0.0,0,0,126,0,342,21,321,0.0,0.0,0,0,0,0,False,True
249,260,2024-04-09 18:07:12,2024-04-09 18:09:26,Clínica RedSalud Vitacura,2024-04-09,Vacunatorio,14,0,0,0.0,0.0,-,-,14,0,148,2,0,0.0,0.0,-,-,146,0,True,True
250,261,2024-04-09 18:06:06,2024-04-09 18:10:39,VACUMED,2024-04-09,Vacunatorio,5,0,0,0.0,0.0,LOURDES,0,5,0,7,0,0,0.0,0.0,LOURDES,0,7,"FE DE ERRATA: Desde que iniciamos la campaña hasta hoy hemos administrado 3 dosis de NIRSEVIMAB de 100mg, rectifico el reporte de ayer ",True,True
251,262,2024-04-09 18:03:35,2024-04-09 18:10:51,Hospital Clínico Universidad de los Andes,2024-04-09,Maternidad o neonatologia o sala cuna,8,5,0,0.0,35.0,Vacunatorio hospital clínico universidad de los Andes ,0,38,0,0,0,0,0.0,0.0,0,0,0,0,True,True
252,263,2024-04-09 18:18:05,2024-04-09 18:19:31,Nueva Clínica Cordillera,2024-04-09,Vacunatorio,34,0,0,0.0,0.0,0,0,34,0,38,0,0,0.0,0.0,0,0,38,0,True,True
253,264,2024-04-09 15:27:34,2024-04-09 18:20:24,Clínica Los Maitenes,2024-04-09,Vacunatorio,48,1,0,0.0,0.0,0,0,47,0,37,1,0,0.0,0.0,0,0,1,0,True,False
254,265,2024-04-09 15:03:46,2024-04-09 18:40:12,Clínica Dávila Vespucio,2024-04-09,Vacunatorio,160,6,0,10.0,0.0,0,NEONATOLOGIA,144,0,173,24,0,0.0,0.0,0,0,149,0,True,True
255,266,2024-04-09 18:40:15,2024-04-09 18:45:40,Clínica Dávila Vespucio,2024-04-09,Maternidad o neonatologia o sala cuna,3,3,0,0.0,0.0,VACUNATORIO,0,10,0,0,0,0,0.0,0.0,0,0,0,0,False,True
256,267,2024-04-09 18:52:33,2024-04-09 18:57:07,Clínica Dávila,2024-04-09,Maternidad o neonatologia o sala cuna,91,6,0,0.0,0.0,0,0,85,0,2,0,0,0.0,0.0,0,0,2,0,True,True
257,268,2024-04-09 14:51:50,2024-04-09 19:30:04,Centro de Vacunacion Inmunovac,2024-04-09,Vacunatorio,15,0,0,0.0,0.0,0,0,15,DESDE EL 4/4 HEMOS ADMINISTRADO 5 DOSIS,38,2,0,0.0,0.0,0,0,36,DESDE EL 4/4 HEMOS ADMINISTRADO 14 DOSIS,True,True
258,269,2024-04-09 19:30:51,2024-04-09 19:32:27,Centro Médico San Joaquín Red de Salud UC CHRISTUS,2024-04-09,Vacunatorio,43,5,0,0.0,0.0,0,0,38,0,180,7,0,0.0,0.0,0,0,173,0,True,True
259,270,2024-04-09 19:38:34,2024-04-09 19:41:07,Centro Médico Clínica Alemana (La Dehesa),2024-04-09,Vacunatorio,50,9,0,0.0,0.0,0,0,41,0,67,24,0,0.0,0.0,0,0,43,0,True,True
260,271,2024-04-09 19:41:56,2024-04-09 19:43:14,Vacunatorio Clínica El Bosque,2024-04-09,Vacunatorio,20,0,0,0.0,0.0,0,0,20,0,24,4,0,0.0,0.0,0,0,20,0,True,True
261,272,2024-04-09 19:52:03,2024-04-09 19:53:18,Centro Médico Clínica Alemana de Chicureo,2024-04-09,Vacunatorio,1,2,0,0.0,30.0,DVI LOURDES,0,29,0,77,16,0,0.0,85.0,DVI LOURDES,0,146,0,True,True
262,273,2024-04-09 15:02:27,2024-04-09 20:05:25,Clínica Alemana,2024-04-09,Vacunatorio,437,14,0,20.0,0.0,0,Recien nacido sano,403,0,612,63,0,0.0,0.0,0,0,549,5 pacientes con doble dosis por Ley Ricarte Soto,True,True
263,274,2024-04-09 20:05:28,2024-04-09 20:06:51,Clínica Alemana,2024-04-09,Maternidad o neonatologia o sala cuna,11,7,0,0.0,20.0,Vacunatorio Clinica Alemana,0,24,0,0,0,0,0.0,0.0,0,0,0,0,True,True
264,275,2024-04-09 20:18:54,2024-04-09 20:20:49,Vacunatorio Internacional Immunitas SpA,2024-04-09,Vacunatorio,0,0,0,0.0,0.0,0,0,0,dosis administradas a la fecha 5,21,0,0,0.0,0.0,0,0,21,0,True,True
265,276,2024-04-09 20:33:35,2024-04-09 20:50:12,Vaxprosalud,2024-04-09,Vacunatorio,7,1,0,0.0,0.0,-,-,6,0,74,2,0,0.0,0.0,-,-,72,0,True,True
266,277,2024-04-09 21:08:47,2024-04-09 21:17:40,Centro Médico Clinica Las Condes de Chicureo (Servicios de Salud Integrados S.A.),2024-04-09,Vacunatorio,4,1,0,0.0,0.0,0,0,3,0,13,4,0,0.0,0.0,0,0,9,0,True,True
267,278,2024-04-09 21:32:42,2024-04-09 21:35:48,Procedimientos Clínicos Alto Tabancura,2024-04-09,Vacunatorio,0,0,0,0.0,10.0,DVI Lourdes,0,10,Se reciben 10 dosis de Nirsevimab 50mg desde DVI Lourdes.,0,0,0,0.0,20.0,DVI Lourdes,0,20,Se reciben 20 dosis de Nirsevimab 100mg desde DVI Lourdes.,True,True
268,279,2024-04-09 23:04:35,2024-04-09 23:06:27,Centro Medico y Dental Del Valle,2024-04-09,Vacunatorio,4,0,0,0.0,0.0,0,0,4,0,4,0,0,0.0,0.0,0,0,4,0,True,True
269,280,2024-04-10 08:34:16,2024-04-10 08:35:37,Clínica Santa María,2024-04-09,Vacunatorio,57,8,0,0.0,0.0,0,0,49,0,379,22,0,0.0,0.0,0,0,357,0,True,True
270,281,2024-04-10 08:55:08,2024-04-10 08:56:46,Centro Médico Kinerod,2024-04-09,Vacunatorio,10,0,0,0.0,0.0,0,0,10,0,12,2,0,0.0,0.0,0,0,10,0,True,True
271,282,2024-04-10 08:31:25,2024-04-10 09:16:43,Hospital Clínico Universidad de Chile,2024-04-09,Maternidad o neonatologia o sala cuna,13,3,0,0.0,20.0,Traspaso desde vacunatorio Hospital Clínico Universidad de Chile,0,30,0,1,0,0,0.0,0.0,0,0,1,0,True,True
272,283,2024-04-10 09:37:43,2024-04-10 09:38:46,Red Salud Santiago ex Clínica Bicentenario,2024-04-09,Maternidad o neonatologia o sala cuna,24,6,0,0.0,0.0,0,0,24,Vacunas adminsitradas el dia 09/04/2024,0,0,0,0.0,0.0,0,0,0,0,False,True
273,284,2024-04-10 09:06:50,2024-04-10 09:47:21,Clínica Las Condes Estoril,2024-04-09,Vacunatorio,212,8,0,0.0,0.0,0,0,204,0,167,11,0,0.0,0.0,0,0,156,0,True,True
274,285,2024-04-10 09:47:24,2024-04-10 09:47:58,Clínica Las Condes Estoril,2024-04-09,Maternidad o neonatologia o sala cuna,2,0,0,0.0,0.0,0,0,2,0,0,0,0,0.0,0.0,0,0,0,0,True,True
275,286,2024-04-10 10:44:16,2024-04-10 11:01:57,Hospital FACH,2024-04-04,Vacunatorio,45,0,0,0.0,0.0,0,0,45,0,29,0,0,0.0,0.0,0,0,29,0,True,True
276,287,2024-04-10 07:37:14,2024-04-10 10:48:33,Clínica Dávila,2024-04-01,Vacunatorio,0,2,0,0.0,2.0,maternidad clinica davila ,0,0,0,300,7,0,0.0,0.0,0,0,293,0,True,True
277,288,2024-04-10 10:48:36,2024-04-10 10:57:26,Clínica Dávila,2024-04-02,Vacunatorio,0,5,0,0.0,10.0,maternidad davila ,0,5,0,293,13,0,0.0,0.0,0,0,280,0,True,True
278,289,2024-04-10 10:57:35,2024-04-10 10:59:04,Clínica Dávila,2024-04-03,Vacunatorio,5,5,0,0.0,30.0,DVI LOURDES,0,30,0,280,7,0,0.0,0.0,0,0,273,0,True,True
279,290,2024-04-10 10:59:06,2024-04-10 11:00:54,Clínica Dávila,2024-04-04,Vacunatorio,30,4,0,0.0,0.0,0,0,26,0,273,15,0,2.0,0.0,0,MATERNIDAD DAVILA RECOLETA ,256,0,True,True
280,291,2024-04-10 11:02:22,2024-04-10 11:06:03,Hospital FACH,2024-04-05,Vacunatorio,45,1,0,5.0,0.0,0,MATERNIDAD,39,0,29,3,0,0.0,0.0,0,0,26,ESTE ES EL  CONTEO CORRECTO. ,True,True
281,292,2024-04-10 11:01:02,2024-04-10 11:02:28,Clínica Dávila,2024-04-05,Vacunatorio,26,3,0,0.0,0.0,0,0,23,0,256,16,0,0.0,0.0,0,0,240,0,True,True
282,293,2024-04-10 11:06:25,2024-04-10 11:09:17,Hospital FACH,2024-04-06,Vacunatorio,39,0,0,0.0,0.0,0,0,39,VACUNATORIO NO ABRE FINES DE SEMANA NI FERIADOS,26,0,0,0.0,0.0,0,0,26,VACUNATORIO NO ABRE FINES DE SEMANA NI FERIADOS,True,True
283,294,2024-04-10 11:02:30,2024-04-10 11:06:32,Clínica Dávila,2024-04-09,Vacunatorio,19,6,0,0.0,0.0,0,0,13,0,226,18,0,0.0,0.0,0,0,208,0,True,True
284,295,2024-04-10 11:09:44,2024-04-10 11:12:32,Hospital FACH,2024-04-07,Vacunatorio,39,0,0,0.0,0.0,0,0,39,VACUNATORIO NO ABRE FINES DE SEMANA NI FERIADOS,26,0,0,0.0,0.0,0,0,26,VACUNATORIO NO ABRE FINES DE SEMANA NI FERIADOS,True,True
285,296,2024-04-10 11:00:52,2024-04-10 11:15:03,Clínica Santa María,2024-04-09,Maternidad o neonatologia o sala cuna,35,8,0,0.0,0.0,0,0,27,Conteo realizado de 08:00-08:00 del día siguiente,0,0,0,0.0,0.0,0,0,0,0,True,True
286,297,2024-04-10 11:12:51,2024-04-10 11:16:14,Hospital FACH,2024-04-08,Vacunatorio,39,0,0,0.0,0.0,0,0,39,ESTE ES EL CONTEO CORRECTO,26,2,0,0.0,0.0,0,0,24,ESTE ES EL CONTEO CORRECTO,True,True
287,298,2024-04-10 11:40:17,2024-04-10 11:52:56,Clínica Indisa Maipú,2024-04-01,Maternidad o neonatologia o sala cuna,5,0,0,0.0,0.0,0,0,5,0,0,0,0,0.0,0.0,0,0,0,0,True,True
288,299,2024-04-10 11:53:06,2024-04-10 11:54:25,Clínica Indisa Maipú,2024-04-02,Maternidad o neonatologia o sala cuna,5,0,0,0.0,0.0,0,0,5,0,0,0,0,0.0,0.0,0,0,0,0,True,True
289,300,2024-04-10 11:54:29,2024-04-10 11:56:53,Clínica Indisa Maipú,2024-04-03,Maternidad o neonatologia o sala cuna,5,0,0,0.0,0.0,0,0,5,0,0,0,0,0.0,0.0,0,0,0,0,True,True
290,301,2024-04-10 12:07:33,2024-04-10 12:09:16,Clínica Indisa Maipú,2024-04-04,Maternidad o neonatologia o sala cuna,5,0,0,0.0,0.0,0,0,5,0,0,0,0,0.0,0.0,0,0,0,0,True,True
291,302,2024-04-10 12:09:28,2024-04-10 12:11:41,Clínica Indisa Maipú,2024-04-05,Maternidad o neonatologia o sala cuna,5,0,0,0.0,0.0,0,0,5,0,0,0,0,0.0,0.0,0,0,0,0,True,True
292,303,2024-04-10 12:11:43,2024-04-10 12:13:38,Clínica Indisa Maipú,2024-04-06,Maternidad o neonatologia o sala cuna,5,1,0,0.0,0.0,0,0,4,0,0,0,0,0.0,0.0,0,0,0,0,True,True
293,304,2024-04-10 12:13:40,2024-04-10 12:14:31,Clínica Indisa Maipú,2024-04-07,Maternidad o neonatologia o sala cuna,4,0,0,0.0,0.0,0,0,4,0,0,0,0,0.0,0.0,0,0,0,0,True,True
294,305,2024-04-10 12:14:36,2024-04-10 12:19:17,Clínica Indisa Maipú,2024-04-08,Maternidad o neonatologia o sala cuna,4,2,0,0.0,10.0,Vacunatorio Indisa Maipu,0,12,0,0,0,0,0.0,0.0,0,0,0,0,True,True
295,306,2024-04-10 12:19:25,2024-04-10 12:21:19,Clínica Indisa Maipú,2024-04-09,Maternidad o neonatologia o sala cuna,12,0,0,0.0,0.0,0,0,12,0,0,0,0,0.0,0.0,0,0,0,0,True,True
296,307,2024-04-10 12:46:23,2024-04-10 12:52:29,Nueva Clínica Cordillera,2024-04-07,Maternidad o neonatologia o sala cuna,5,2,1,0.0,0.0,No aplica,No aplica,2,Se pierde una dosis previa administración,0,0,0,0.0,0.0,No aplica,No aplica,0,0,True,True
297,308,2024-04-10 12:52:34,2024-04-10 12:54:26,Nueva Clínica Cordillera,2024-04-08,Maternidad o neonatologia o sala cuna,2,2,0,0.0,0.0,No aplica,No aplica,0,0,0,0,0,0.0,0.0,No aplica,No aplica,0,0,True,True
298,309,2024-04-10 11:16:43,2024-04-10 11:23:40,Hospital FACH,2024-04-09,Vacunatorio,39,1,0,0.0,0.0,0,0,38,0,24,2,0,0.0,0.0,0,0,22,0,True,True
299,310,2024-04-10 12:49:34,2024-04-10 13:00:04,Hospital de Carabineros,2024-04-02,Maternidad o neonatologia o sala cuna,10,1,0,0.0,10.0,HOSPITAL DE CARABINEROS,VACUNATORIO HOSCAR,9,"SE INICIA STOCK EN VITRINA UPC NEONATAL, SE SOLICITAN 10u A VACUNATORIO HOSCAR. SE ADMINISTRA 1.",0,0,0,0.0,0.0,0,0,0,VITRINA NEONATAL SOLO MANEJA NIRSEVIMAB DE 50 MG,False,True
300,311,2024-04-10 13:00:11,2024-04-10 13:02:37,Hospital de Carabineros,2024-04-04,Maternidad o neonatologia o sala cuna,9,3,0,0.0,0.0,0,0,6,"STOCK INICIAL 9, SE ADMINISTRAN 3u.",0,0,0,0.0,0.0,0,0,0,VITRINA UPC NEONATAL SOLO MANEJA NIRSEVIMAB DE 50MG,True,True
301,312,2024-04-10 13:00:33,2024-04-10 13:03:07,Vacunatorio Darvax,2024-04-09,Vacunatorio,0,0,0,0.0,0.0,0,0,0,0,142,6,0,0.0,0.0,0,0,136,0,True,True
302,313,2024-04-10 13:02:39,2024-04-10 13:04:07,Hospital de Carabineros,2024-04-05,Maternidad o neonatologia o sala cuna,6,3,0,0.0,0.0,0,0,3,"SE INICIA JORNADA CON STOCK DE 6, SE DMINISTRAN 3u.",0,0,0,0.0,0.0,0,0,0,VITRINA UPC NEONATAL SOLO MANEJA NIRSEVIMAB DE 50MG,True,True
303,314,2024-04-10 13:04:11,2024-04-10 13:08:53,Hospital de Carabineros,2024-04-08,Maternidad o neonatologia o sala cuna,3,1,0,0.0,0.0,0,0,2,"INICIO JORNADA CON 3, ADMINISTRO 1u.",0,0,0,0.0,0.0,0,0,0,VITRINA UPC NEONATAL SOLO MANEJA NIRSEVIMAB DE 50MG,True,True
304,315,2024-04-10 13:11:40,2024-04-10 13:15:37,Hospital de Carabineros,2024-04-09,Vacunatorio,47,2,0,0.0,0.0,0,0,45,Reporte del 09/04,66,5,0,0.0,0.0,0,0,61,Reporte 09/04,True,True
305,316,2024-04-10 13:52:14,2024-04-10 13:55:13,Clínica San Carlos de Apoquindo Redsalud UC CHRISTUS,2024-04-09,Maternidad o neonatologia o sala cuna,10,0,0,0.0,0.0,0,0,10,0,0,0,0,0.0,0.0,0,0,0,0,True,True
306,317,2024-04-10 13:57:52,2024-04-10 13:59:17,Clínica Santa Rosa,2024-04-09,Maternidad o neonatologia o sala cuna,144,7,0,0.0,0.0,0,0,137,0,0,0,0,0.0,0.0,0,0,0,0,True,True
307,318,2024-04-10 14:04:19,2024-04-10 14:06:45,Hospital de Carabineros,2024-04-01,Maternidad o neonatologia o sala cuna,0,0,0,0.0,0.0,0,0,0,"SIN PACIENTES PARA ADMINISTRAR NIRSEVIMAB, STOCK DE FARMACO EN VACUNATORIO HOSCAR",0,0,0,0.0,0.0,0,0,0,VITRINA DE NEONATOLOGÍA SOLO MANEJA NIRSEVIMAB DE 50MG,True,True
308,319,2024-04-10 14:07:19,2024-04-10 14:08:28,Hospital de Carabineros,2024-04-03,Maternidad o neonatologia o sala cuna,9,0,0,0.0,0.0,0,0,9,SIN PACIENTES PARA ADMINISTRAR NIRSEVIMAB,0,0,0,0.0,0.0,0,0,0,VITRINA DE NEONATOLOGÍA SOLO MANEJA NIRSEVIMAB DE 50MG,True,True
309,320,2024-04-10 14:02:17,2024-04-10 14:08:30,Centro Médico Alto Tobalaba - Vacunatorio Vacci Protex,2024-04-09,Vacunatorio,0,0,0,0.0,10.0,DVI Lourdes,No aplica,10,Se realiza retiro de dosis a las 14 horas ,0,0,0,0.0,30.0,DVI Lourdes,No aplica,30,Se realiza retiro de dosis a las 14 horas ,True,True
310,321,2024-04-10 14:08:49,2024-04-10 14:10:52,Hospital de Carabineros,2024-04-06,Maternidad o neonatologia o sala cuna,3,0,0,0.0,0.0,0,0,3,SIN PACIENTES PARA ADMINISTRAR NIRSEVIMAB,0,0,0,0.0,0.0,0,0,0,VITRINA DE NEONATOLOGÍA SOLO MANEJA NIRSEVIMAB DE 50MG,True,True
311,322,2024-04-10 14:10:54,2024-04-10 14:11:46,Hospital de Carabineros,2024-04-07,Maternidad o neonatologia o sala cuna,3,0,0,0.0,0.0,0,0,3,SIN PACIENTES PARA ADMINISTRAR NIRSEVIMAB,0,0,0,0.0,0.0,0,0,0,VITRINA DE NEONATOLOGÍA SOLO MANEJA NIRSEVIMAB DE 50MG,True,True
312,323,2024-04-10 14:10:33,2024-04-10 14:12:24,Centro Médico Alto Tobalaba - Vacunatorio Vacci Protex,2024-04-01,Vacunatorio,0,0,0,0.0,0.0,0,0,0,0,0,0,0,0.0,0.0,0,0,0,NO CONTAMOS CON RETIRO DE DOSIS DE NIRSEVIMAB,True,True
313,324,2024-04-10 14:11:49,2024-04-10 14:12:52,Hospital de Carabineros,2024-04-09,Maternidad o neonatologia o sala cuna,2,0,0,0.0,0.0,0,0,2,SIN PACIENTES PARA ADMINISTRAR NIRSEVIMAB,0,0,0,0.0,0.0,0,0,0,VITRINA DE NEONATOLOGÍA SOLO MANEJA NIRSEVIMAB DE 50MG,True,True
314,325,2024-04-10 14:12:31,2024-04-10 14:13:37,Centro Médico Alto Tobalaba - Vacunatorio Vacci Protex,2024-04-02,Vacunatorio,0,0,0,0.0,0.0,0,0,0,NO CONTAMOS CON RETIRO DE DOSIS DE NIRSEVIMAB,0,0,0,0.0,0.0,0,0,0,NO CONTAMOS CON RETIRO DE DOSIS DE NIRSEVIMAB,True,True
315,326,2024-04-10 14:13:45,2024-04-10 14:14:42,Centro Médico Alto Tobalaba - Vacunatorio Vacci Protex,2024-04-03,Vacunatorio,0,0,0,0.0,0.0,0,0,0,NO CONTAMOS CON RETIRO DE DOSIS DE NIRSEVIMAB,0,0,0,0.0,0.0,0,0,0,NO CONTAMOS CON RETIRO DE DOSIS DE NIRSEVIMAB,True,True
316,327,2024-04-10 14:14:44,2024-04-10 14:15:53,Centro Médico Alto Tobalaba - Vacunatorio Vacci Protex,2024-04-04,Vacunatorio,0,0,0,0.0,0.0,0,0,0,NO CONTAMOS CON RETIRO DE DOSIS DE NIRSEVIMAB,0,0,0,0.0,0.0,0,0,0,NO CONTAMOS CON RETIRO DE DOSIS DE NIRSEVIMAB,True,True
317,328,2024-04-10 14:15:54,2024-04-10 14:17:16,Centro Médico Alto Tobalaba - Vacunatorio Vacci Protex,2024-04-05,Vacunatorio,0,0,0,0.0,0.0,0,0,0,NO CONTAMOS CON RETIRO DE DOSIS DE NIRSEVIMAB,0,0,0,0.0,0.0,0,0,0,NO CONTAMOS CON RETIRO DE DOSIS DE NIRSEVIMAB,True,True
318,329,2024-04-10 14:18:52,2024-04-10 14:20:53,Vacunatorio Darvax,2024-04-10,Vacunatorio,30,1,0,0.0,0.0,0,0,29,0,136,8,0,0.0,0.0,0,0,128,0,True,True
319,330,2024-04-10 15:20:43,2024-04-10 15:22:18,Clínica Indisa Providencia,2024-04-01,Maternidad o neonatologia o sala cuna,100,43,0,0.0,0.0,0,0,57,sin obs,0,0,0,0.0,0.0,0,0,0,0,True,True
320,331,2024-04-10 15:22:26,2024-04-10 15:24:05,Clínica Indisa Providencia,2024-04-02,Maternidad o neonatologia o sala cuna,57,15,0,0.0,0.0,0,0,42,S/O,0,0,0,0.0,0.0,0,0,0,0,True,True
321,332,2024-04-10 15:24:07,2024-04-10 15:25:21,Clínica Indisa Providencia,2024-04-03,Maternidad o neonatologia o sala cuna,42,15,0,0.0,0.0,0,0,27,0,0,0,0,0.0,0.0,0,0,0,0,True,True
322,333,2024-04-10 15:25:23,2024-04-10 15:26:22,Clínica Indisa Providencia,2024-04-04,Maternidad o neonatologia o sala cuna,27,15,0,0.0,0.0,0,0,12,0,0,0,0,0.0,0.0,0,0,0,0,True,True
323,334,2024-04-10 15:26:35,2024-04-10 15:28:19,Clínica Indisa Providencia,2024-04-05,Maternidad o neonatologia o sala cuna,12,5,0,0.0,50.0,VACUNATORIO CLINICA INDISA PROVIDENCIA,0,57,0,0,0,0,0.0,0.0,0,0,0,0,True,True
324,335,2024-04-10 15:28:31,2024-04-10 15:29:21,Clínica Indisa Providencia,2024-04-06,Maternidad o neonatologia o sala cuna,57,10,0,0.0,0.0,0,0,47,0,0,0,0,0.0,0.0,0,0,0,0,True,True
325,336,2024-04-10 15:29:28,2024-04-10 15:31:20,Clínica Indisa Providencia,2024-04-07,Maternidad o neonatologia o sala cuna,47,7,0,0.0,0.0,0,0,40,0,0,0,0,0.0,0.0,0,0,0,0,True,True
326,337,2024-04-10 15:31:31,2024-04-10 15:32:53,Clínica Indisa Providencia,2024-04-08,Maternidad o neonatologia o sala cuna,40,6,0,0.0,0.0,0,0,34,0,0,0,0,0.0,0.0,0,0,0,0,True,True
327,338,2024-04-10 15:32:55,2024-04-10 15:35:30,Clínica Indisa Providencia,2024-04-09,Maternidad o neonatologia o sala cuna,34,13,0,0.0,0.0,0,0,21,SE RECTIFICA REGISTRO DEL 09/04 POR ERROR DE DIGITACION ,0,0,0,0.0,0.0,0,0,0,0,True,True
328,339,2024-04-10 15:37:43,2024-04-10 15:51:07,Nueva Clínica Cordillera,2024-04-09,Maternidad o neonatologia o sala cuna,0,0,0,0.0,0.0,No aplica,No aplica,0,0,0,0,0,0.0,0.0,No aplica,No aplica,0,0,True,True
329,340,2024-04-10 15:56:11,2024-04-10 15:57:05,Vacunatorio Medicien El Plomo ( UC Chritus),2024-04-10,Vacunatorio,7,0,0,0.0,0.0,-,-,7,0,42,1,0,0.0,0.0,-,-,41,0,True,True
330,341,2024-04-10 16:09:18,2024-04-10 16:10:19,Consultorio Tantauco,2024-04-10,Vacunatorio,5,0,0,0.0,0.0,0,0,5,0,13,1,0,0.0,0.0,0,0,12,0,True,True
331,342,2024-04-10 16:08:17,2024-04-10 16:11:18,Hospital FACH,2024-04-10,Vacunatorio,38,0,0,10.0,0.0,0,MATERNIDAD,28,0,22,0,0,0.0,0.0,0,0,22,0,True,True
332,343,2024-04-10 16:31:24,2024-04-10 16:32:38,Clínica BUPA Santiago,2024-04-10,Vacunatorio,85,0,0,45.0,0.0,0,SALA CUNA BUPA,40,0,61,7,0,0.0,0.0,0,0,54,0,True,True
333,344,2024-04-10 16:32:40,2024-04-10 16:33:29,Clínica BUPA Santiago,2024-04-10,Maternidad o neonatologia o sala cuna,9,5,0,0.0,45.0,0,0,49,0,0,0,0,0.0,0.0,0,0,0,0,True,True
334,345,2024-04-10 09:08:51,2024-04-10 16:40:50,Hospital FACH,2024-04-10,Maternidad o neonatologia o sala cuna,4,7,0,0.0,10.0,vacunatorio,0,7,0,0,0,0,0.0,0.0,0,0,0,0,True,True
335,346,2024-04-10 16:38:41,2024-04-10 16:41:53,Hospital de Carabineros,2024-04-10,Maternidad o neonatologia o sala cuna,2,2,0,0.0,10.0,UNIDAD DE VACUNATORIO DEL HOSCAR,0,10,SE SOLICITA A VACUNATORIO HOSCAR TRASPASO DE 10u DE NIRSEVIMAB A VITRINA DE UPC NEONATAL,0,0,0,0.0,0.0,0,0,0,EN UPC NEONATAL SOLO SE ADMINISTRAN NIRSEVIMAB DE 50MG,True,True
336,347,2024-04-10 16:48:12,2024-04-10 16:49:41,Clínica Dávila,2024-04-10,Vacunatorio,13,10,0,0.0,0.0,0,0,3,0,208,10,0,0.0,0.0,0,0,198,0,True,True
337,348,2024-04-10 16:56:36,2024-04-10 17:03:38,Centro Médico Clínica Las Condes Peñalolen,2024-04-10,Vacunatorio,5,10,0,0.0,15.0,DVI Lourdes,0,3,0,26,44,0,0.0,70.0,DVI Lourdes,0,20,0,False,False
338,349,2024-04-10 16:50:32,2024-04-10 17:05:24,Vacunatorio RENVAC,2024-04-10,Vacunatorio,3,0,0,0.0,0.0,0,0,3,0,5,0,0,0.0,0.0,0,0,5,0,True,True
339,350,2024-04-10 17:00:46,2024-04-10 17:09:34,Hospital de Carabineros,2024-04-10,Vacunatorio,45,2,0,10.0,0.0,0,NEONATOLOGIA HOSCAR,33,0,61,4,0,0.0,0.0,0,0,57,0,True,True
340,351,2024-04-10 17:12:09,2024-04-10 17:14:59,Vacunatorio Centro Medico Vidaintegra Alameda,2024-04-10,Vacunatorio,20,0,0,0.0,0.0,NINGUNO,NINGUNO,20,0,45,0,0,0.0,0.0,NINGUNA,NINGUNO,45,0,True,True
341,352,2024-04-10 17:10:42,2024-04-10 17:27:11,Clínica Indisa Maipú,2024-04-10,Vacunatorio,6,3,0,0.0,0.0,0,0,3,0,80,12,0,0.0,0.0,0,0,58,0,True,False
342,353,2024-04-10 17:25:36,2024-04-10 17:27:12,Procedimientos Clínicos Alto Tabancura,2024-04-10,Vacunatorio,10,0,0,0.0,0.0,0,0,10,0,20,2,0,0.0,0.0,0,0,18,0,True,True
343,354,2024-04-10 17:26:01,2024-04-10 17:29:01,Hospital Clínico Redsalud UC CHRISTUS (Marcoleta),2024-04-10,Maternidad o neonatologia o sala cuna,102,5,0,10.0,0.0,0,'VACUNATORIO Marcoleta ,87,0,10,0,0,0.0,0.0,0,0,10,0,True,True
344,355,2024-04-10 17:29:06,2024-04-10 17:33:42,Hospital Clínico Redsalud UC CHRISTUS (Marcoleta),2024-04-10,Vacunatorio,0,0,0,10.0,0.0,0,maternidad HCUC,10,0,139,8,0,0.0,0.0,0,0,131,0,False,True
345,356,2024-04-10 17:20:34,2024-04-10 17:34:07,Clínica San Carlos de Apoquindo Redsalud UC CHRISTUS,2024-04-10,Vacunatorio,203,5,0,10.0,0.0,0,Maternidad,188,0,173,20,0,0.0,0.0,0,0,153,0,True,True
346,357,2024-04-10 17:38:10,2024-04-10 17:44:19,Clínica Hospital del Profesor,2024-04-10,Vacunatorio,69,4,0,5.0,10.0,DVI Lourdes ,Neonatologia CHP,70,66 en Cuarentena y 4 sin cuarentena ,108,11,0,0.0,10.0,DVI Lourdes,No aplica ,107,95 en cuarentena y 12 sin cuarentena ,True,True
347,358,2024-04-10 17:44:21,2024-04-10 17:46:56,Clínica Hospital del Profesor,2024-04-10,Maternidad o neonatologia o sala cuna,4,3,0,0.0,5.0,Vacunatorio CHP,No Aplica ,6,0,0,0,0,0.0,0.0,No aplica ,No aplica ,0,0,True,True
348,359,2024-04-10 17:48:20,2024-04-10 17:49:43,Vacunatorio Inmuvax,2024-04-10,Vacunatorio,5,0,0,0.0,0.0,DVI LOURDES,vacunatorio,5,0,35,0,0,0.0,0.0,DVI LOURDES,VACUNATORIO,35,0,True,True
349,360,2024-04-10 17:50:10,2024-04-10 17:51:20,Centro Médico Kinerod,2024-04-10,Vacunatorio,10,2,0,0.0,0.0,0,0,8,0,10,0,0,0.0,0.0,0,0,10,0,True,True
350,361,2024-04-10 17:53:39,2024-04-10 17:56:35,Centro Médico Alto Tobalaba - Vacunatorio Vacci Protex,2024-04-10,Vacunatorio,10,0,0,0.0,0.0,0,0,10,0,30,0,0,0.0,0.0,0,0,30,0,True,True
351,362,2024-04-10 17:55:51,2024-04-10 17:56:48,NewVax,2024-04-10,Vacunatorio,3,0,0,0.0,0.0,0,0,3,0,10,3,0,0.0,0.0,0,0,7,0,True,True
352,363,2024-04-10 17:59:11,2024-04-10 18:00:42,Centro Médico y Dental Arauco Salud,2024-04-09,Vacunatorio,20,0,0,0.0,0.0,0,0,20,0,48,2,0,0.0,0.0,0,0,46,0,True,True
353,364,2024-04-10 18:02:47,2024-04-10 18:04:18,Centro Médico Clinica Las Condes de Chicureo (Servicios de Salud Integrados S.A.),2024-04-10,Vacunatorio,3,1,0,0.0,0.0,0,0,2,0,9,4,0,0.0,0.0,0,0,5,0,True,True
354,365,2024-04-10 18:05:33,2024-04-10 18:07:35,Nueva Clínica Cordillera,2024-04-10,Maternidad o neonatologia o sala cuna,0,0,0,0.0,5.0,Vacunatorio Nueva Clinica Cordillera,No aplica,5,0,0,0,0,0.0,0.0,No aplica,No aplica,0,0,True,True
355,366,2024-04-10 18:08:10,2024-04-10 18:09:19,Centro Médico y Dental Arauco Salud,2024-04-10,Vacunatorio,20,0,0,0.0,0.0,0,0,20,0,46,2,0,0.0,0.0,0,0,44,0,True,True
356,367,2024-04-10 18:17:16,2024-04-10 18:18:24,Clínica Santa Rosa,2024-04-10,Maternidad o neonatologia o sala cuna,137,4,0,0.0,0.0,0,0,133,0,0,0,0,0.0,0.0,0,0,0,0,True,True
357,368,2024-04-10 18:21:43,2024-04-10 18:25:17,Clínica Dávila,2024-04-10,Maternidad o neonatologia o sala cuna,85,5,0,0.0,0.0,0,0,80,0,2,0,0,0.0,0.0,0,0,2,0,True,True
358,369,2024-04-10 18:39:35,2024-04-10 18:40:59,Clínica Los Maitenes,2024-04-10,Vacunatorio,47,0,0,0.0,0.0,0,0,47,0,36,1,0,0.0,0.0,0,0,35,0,True,True
359,370,2024-04-10 18:58:24,2024-04-10 19:02:38,Clínica Indisa Providencia,2024-04-10,Vacunatorio,126,13,63,50.0,0.0,0,SALA CUNA CLINICA INDISA MAIPU,63,SE TRASPASARON 50 DOSIS A SERVICIO SALA CUNA CLINICA INIDISA PROVIDENCIA,321,34,287,0.0,0.0,0,0,287,0,False,False
360,371,2024-04-10 19:12:35,2024-04-10 19:13:50,Vacunatorio Clínica El Bosque,2024-04-10,Vacunatorio,20,2,0,0.0,0.0,0,0,18,0,20,4,0,0.0,0.0,0,0,16,0,True,True
361,372,2024-04-10 19:16:01,2024-04-10 19:16:55,Centro Médico Clínica Alemana de Chicureo,2024-04-10,Vacunatorio,29,3,0,0.0,0.0,0,0,26,0,146,10,0,0.0,0.0,0,0,136,0,True,True
362,373,2024-04-10 19:16:27,2024-04-10 19:17:36,Hospital Clínico Universidad de los Andes,2024-04-10,Vacunatorio,31,3,0,0.0,0.0,0,0,28,0,171,12,0,0.0,0.0,0,0,159,0,True,True
363,374,2024-04-10 19:15:54,2024-04-10 19:17:49,Centro Médico Clínica Alemana (La Dehesa),2024-04-10,Vacunatorio,41,8,0,0.0,0.0,0,0,33,0,43,18,0,0.0,200.0,DVI Lourdes,0,225,0,True,True
364,375,2024-04-10 17:33:44,2024-04-10 19:39:59,Clínica Alemana,2024-04-10,Vacunatorio,403,12,0,0.0,0.0,0,0,391,0,549,40,0,0.0,0.0,0,0,509,0,True,True
365,376,2024-04-10 19:40:01,2024-04-10 19:41:19,Clínica Alemana,2024-04-10,Maternidad o neonatologia o sala cuna,26,8,0,0.0,0.0,0,0,18,recien nacido sano clinica alemana,0,0,0,0.0,0.0,0,0,0,0,True,True
366,377,2024-04-10 16:15:46,2024-04-10 19:50:46,Clínica Indisa Maipú,2024-04-10,Maternidad o neonatologia o sala cuna,12,0,0,0.0,0.0,0,0,12,0,0,0,0,0.0,0.0,0,0,0,0,True,True
367,378,2024-04-10 20:42:48,2024-04-10 20:44:18,Hospital Clínico Universidad de los Andes,2024-04-10,Maternidad o neonatologia o sala cuna,38,5,0,0.0,0.0,0,0,33,0,0,0,0,0.0,0.0,0,0,0,0,True,True
368,379,2024-04-10 08:13:34,2024-04-10 21:37:15,Vaxprosalud,2024-04-10,Vacunatorio,6,1,0,0.0,0.0,-,-,5,0,72,6,0,0.0,0.0,-,-,66,0,True,True
369,380,2024-04-11 08:03:28,2024-04-11 08:07:55,Centro Médico Militar Rosa O'Higgins,2024-04-10,Vacunatorio,18,1,0,0.0,1.0,0,0,17,0,43,0,0,0.0,0.0,0,0,43,0,False,True
370,381,2024-04-11 08:16:52,2024-04-11 08:19:54,Hospital Clínico Universidad de Chile,2024-04-10,Maternidad o neonatologia o sala cuna,30,1,0,0.0,0.0,0,0,29,0,1,0,0,0.0,0.0,0,0,1,0,True,True
371,382,2024-04-11 08:46:37,2024-04-11 08:49:50,Clínica Santa María,2024-04-10,Maternidad o neonatologia o sala cuna,27,6,0,0.0,0.0,0,0,21,0,0,0,0,0.0,0.0,0,0,0,0,True,True
372,383,2024-04-11 08:41:12,2024-04-11 08:50:13,Clínica Indisa Providencia,2024-04-10,Maternidad o neonatologia o sala cuna,21,8,0,0.0,50.0,VACUNATORIO INDISA PROVIDENCIA,0,63,-,0,0,0,0.0,0.0,0,0,0,-,True,True
373,384,2024-04-11 08:44:58,2024-04-11 08:51:58,Clínica Las Condes Estoril,2024-04-10,Vacunatorio,204,6,0,0.0,0.0,0,0,198,0,156,12,0,0.0,0.0,0,0,144,0,True,True
374,385,2024-04-11 08:52:00,2024-04-11 08:53:39,Clínica Las Condes Estoril,2024-04-10,Maternidad o neonatologia o sala cuna,2,0,0,0.0,0.0,0,0,2,0,0,0,0,0.0,0.0,0,0,0,0,True,True
375,410,2024-04-11 09:43:52,2024-04-11 09:45:04,Red Salud Santiago ex Clínica Bicentenario,2024-04-10,Maternidad o neonatologia o sala cuna,24,7,0,0.0,0.0,0,0,17,Vacunas administradas el 10/04/2024,0,0,0,0.0,0.0,0,0,0,0,True,True
376,411,2024-04-11 10:07:00,2024-04-11 10:08:22,Nueva Clínica Cordillera,2024-04-10,Vacunatorio,34,0,0,5.0,0.0,0,Maternidad Nueva Clinica Cordillera,29,0,38,0,0,0.0,0.0,0,0,38,0,True,True
377,412,2024-04-11 10:13:30,2024-04-11 10:54:50,Hospital Clínico Universidad de Chile,2024-04-10,Vacunatorio,11,1,0,0.0,0.0,0,0,10,0,83,0,0,0.0,0.0,0,0,83,0,True,True
378,413,2024-04-11 11:21:10,2024-04-11 11:26:35,Clínica Santa María,2024-04-10,Vacunatorio,49,13,0,0.0,100.0,DVI Lourdes,0,136,0,357,22,0,0.0,0.0,0,0,335,0,True,True
379,414,2024-04-11 11:47:08,2024-04-11 11:56:38,Centro Médico San Joaquín Red de Salud UC CHRISTUS,2024-04-10,Vacunatorio,38,4,0,0.0,0.0,0,0,34,0,173,14,0,0.0,0.0,0,0,159,0,True,True
380,415,2024-04-11 11:57:30,2024-04-11 11:58:08,Centro Médico San Joaquín Red de Salud UC CHRISTUS,2024-04-01,Vacunatorio,0,0,0,0.0,0.0,0,0,0,0,0,0,0,0.0,0.0,0,0,0,0,True,True
381,416,2024-04-11 11:58:10,2024-04-11 11:59:49,Centro Médico San Joaquín Red de Salud UC CHRISTUS,2024-04-02,Vacunatorio,0,0,0,0.0,0.0,0,0,0,0,0,0,0,0.0,200.0,Hospital Clínico Redsalud UC CHRISTUS (Marcoleta),0,200,0,True,True
382,417,2024-04-11 11:59:50,2024-04-11 12:05:22,Centro Médico San Joaquín Red de Salud UC CHRISTUS,2024-04-03,Vacunatorio,0,1,0,0.0,50.0,DVI Lourdes,0,49,0,200,1,0,0.0,0.0,0,0,199,0,True,True
383,418,2024-04-11 12:05:24,2024-04-11 12:06:32,Centro Médico San Joaquín Red de Salud UC CHRISTUS,2024-04-04,Vacunatorio,49,0,0,0.0,0.0,0,0,49,0,199,8,0,0.0,0.0,0,0,0,0,True,False
384,419,2024-04-11 12:06:34,2024-04-11 12:10:12,Centro Médico San Joaquín Red de Salud UC CHRISTUS,2024-04-05,Vacunatorio,49,3,0,0.0,0.0,0,0,46,0,191,4,0,0.0,0.0,0,0,187,0,True,True
385,420,2024-04-11 12:21:59,2024-04-11 12:25:30,VACUMED,2024-04-10,Vacunatorio,5,0,0,0.0,0.0,0,0,5,0,7,0,0,0.0,0.0,0,0,7,0,True,True
386,421,2024-04-11 12:26:45,2024-04-11 12:27:37,CENTRO MÉDICO Y DENTAL FUNDACIÓN,2024-04-10,Vacunatorio,0,0,0,0.0,0.0,0,0,0,0,9,0,0,0.0,0.0,0,0,9,0,True,True
387,422,2024-04-11 12:33:32,2024-04-11 12:54:07,Centro Médico Clínica Santa María La Dehesa,2024-04-10,Vacunatorio,45,1,0,0.0,0.0,0,0,44,0,33,1,0,0.0,0.0,0,0,32,0,True,True
388,423,2024-04-11 13:53:41,2024-04-11 13:54:40,Centro Medico y Dental Del Valle,2024-04-10,Vacunatorio,4,0,0,0.0,0.0,0,0,4,0,4,0,0,0.0,0.0,0,0,4,0,True,True
389,424,2024-04-11 12:56:00,2024-04-11 13:55:26,Clínica RedSalud Vitacura,2024-04-10,Vacunatorio,14,3,0,0.0,0.0,-,-,11,0,146,4,0,0.0,0.0,-,-,142,0,True,True
390,425,2024-04-11 15:44:37,2024-04-11 15:49:17,Hospital FACH,2024-04-11,Vacunatorio,28,0,0,0.0,0.0,0,0,28,0,22,1,0,0.0,0.0,0,0,21,0,True,True
391,426,2024-04-11 15:51:07,2024-04-11 15:52:34,Vacunatorio Medicien El Plomo ( UC Chritus),2024-04-11,Vacunatorio,7,0,0,0.0,0.0,-,-,7,0,41,5,0,0.0,0.0,-,-,36,0,True,True
392,427,2024-04-11 16:01:15,2024-04-11 16:02:00,Consultorio Tantauco,2024-04-11,Vacunatorio,5,0,0,0.0,0.0,0,0,5,0,12,0,0,0.0,0.0,0,00,12,0,True,True
393,428,2024-04-11 16:05:38,2024-04-11 16:08:58,Hospital de Carabineros,2024-04-11,Maternidad o neonatologia o sala cuna,10,4,0,0.0,0.0,0,0,6,Se administró Nirsevimab a 4 recién nacidos ,0,0,0,0.0,0.0,0,0,0,Vitrina neonatal solo maneja Nirsebimab de 50mg,True,True
394,429,2024-04-11 16:24:02,2024-04-11 16:25:53,Centro Médico Clínica Las Condes Peñalolen,2024-04-11,Vacunatorio,3,12,0,0.0,15.0,DVI Lourdes,0,3,0,20,50,0,0.0,70.0,DVI Lourdes,0,16,0,False,False
395,430,2024-04-11 16:36:56,2024-04-11 16:37:37,Centro Medico y Dental Del Valle,2024-04-01,Vacunatorio,0,0,0,0.0,0.0,0,0,0,0,0,0,0,0.0,0.0,0,0,0,0,True,True
396,431,2024-04-11 16:37:42,2024-04-11 16:38:55,Centro Medico y Dental Del Valle,2024-04-02,Vacunatorio,5,0,0,0.0,0.0,0,0,5,0,5,0,0,0.0,0.0,0,0,5,0,True,True
397,432,2024-04-11 16:39:16,2024-04-11 16:39:59,Centro Medico y Dental Del Valle,2024-04-03,Vacunatorio,5,0,0,0.0,0.0,0,0,5,0,5,0,0,0.0,0.0,0,0,5,0,True,True
398,433,2024-04-11 16:48:33,2024-04-11 16:53:19,Vacunatorio RENVAC,2024-04-11,Vacunatorio,3,0,0,0.0,0.0,0,0,3,0,5,3,0,0.0,0.0,0,0,2,0,True,True
399,434,2024-04-11 16:48:16,2024-04-11 16:53:27,Clínica Dávila,2024-04-11,Vacunatorio,3,4,0,0.0,30.0,DVI LOURDES,0,29,0,198,10,0,0.0,0.0,0,0,188,0,True,True
400,435,2024-04-11 16:53:48,2024-04-11 16:54:29,Clínica BUPA Santiago,2024-04-11,Vacunatorio,40,2,0,0.0,0.0,0,0,38,0,54,7,0,0.0,0.0,0,0,47,0,True,True
401,436,2024-04-11 16:54:31,2024-04-11 16:55:34,Clínica BUPA Santiago,2024-04-11,Maternidad o neonatologia o sala cuna,48,4,0,0.0,0.0,0,0,44,0,0,0,0,0.0,0.0,0,0,0,0,True,True
402,437,2024-04-11 16:56:24,2024-04-11 16:58:49,Vacunatorio Centro Medico Vidaintegra Alameda,2024-04-11,Vacunatorio,20,0,0,0.0,0.0,ninguna,ninguno,20,0,45,1,0,0.0,0.0,ninguno,ninguno,44,0,True,True
403,438,2024-04-11 16:58:36,2024-04-11 17:00:03,Centro Médico Clínica Santa María La Dehesa,2024-04-11,Vacunatorio,44,2,0,0.0,0.0,0,0,42,-,32,2,0,0.0,0.0,0,0,30,-,True,True
404,439,2024-04-11 16:58:16,2024-04-11 17:00:39,Clínica RedSalud Vitacura,2024-04-11,Vacunatorio,11,1,0,0.0,0.0,-,-,10,0,142,5,0,0.0,0.0,-,-,137,0,True,True
405,440,2024-04-11 16:14:25,2024-04-11 17:01:00,Vacunatorio Inmuvax,2024-04-11,Vacunatorio,5,0,0,0.0,0.0,DVI LOURDES,VACUNATORIO,5,S/O,35,1,0,0.0,0.0,DVI LOURDES,VACUNATORIO,34,SE VACUNA SOLO 1 LACTANTE DE 6 MESES,True,True
406,441,2024-04-11 17:03:17,2024-04-11 17:05:13,Clínica San Carlos de Apoquindo Redsalud UC CHRISTUS,2024-04-02,Maternidad o neonatologia o sala cuna,5,5,0,0.0,0.0,0,0,0,0,0,0,0,0.0,0.0,0,0,0,0,True,True
407,442,2024-04-11 17:23:40,2024-04-11 17:24:49,Vacunatorio Varik,2024-04-10,Vacunatorio,4,1,0,0.0,0.0,0,0,3,0,28,7,0,0.0,0.0,0,0,21,0,True,True
408,443,2024-04-11 17:24:43,2024-04-11 17:26:24,Vacunatorio Bio Salud,2024-04-10,Vacunatorio,19,1,0,0.0,0.0,0,0,18,0,59,1,0,0.0,0.0,0,0,58,0,True,True
409,445,2024-04-11 17:26:26,2024-04-11 17:27:21,Vacunatorio Bio Salud,2024-04-11,Vacunatorio,18,0,0,0.0,0.0,0,0,18,0,58,3,0,0.0,0.0,0,0,55,0,True,True
410,446,2024-04-11 17:24:51,2024-04-11 17:28:12,Vacunatorio Varik,2024-04-10,Vacunatorio,13,1,0,0.0,0.0,0,0,12,"ESTIMADOS, ENVIE EL FORMULARIO DEL 10/04 CON DATOS ERRONEOS, ESTE ES CON LOS DATOS FIDEDIGNOS",74,7,0,0.0,0.0,0,0,67,"ESTIMADOS, ENVIE EL FORMULARIO DEL 10/04 CON DATOS ERRONEOS, ESTE ES CON LOS DATOS FIDEDIGNOS",True,True
411,447,2024-04-11 17:27:08,2024-04-11 17:28:13,Vacunatorio Internacional Immunitas SpA,2024-04-11,Vacunatorio,0,0,0,0.0,0.0,0,0,0,0,19,5,0,0.0,0.0,0,0,14,0,True,True
412,449,2024-04-11 17:28:14,2024-04-11 17:29:59,Vacunatorio Varik,2024-04-11,Vacunatorio,12,1,0,0.0,0.0,0,0,11,0,67,3,0,0.0,0.0,0,0,64,0,True,True
413,450,2024-04-11 17:28:23,2024-04-11 17:30:21,Hospital Clínico Redsalud UC CHRISTUS (Marcoleta),2024-04-11,Vacunatorio,10,0,0,0.0,0.0,0,0,10,0,131,6,0,0.0,0.0,0,0,125,0,True,True
414,451,2024-04-11 17:38:25,2024-04-11 17:40:09,Hospital Militar de Santiago,2024-04-10,Vacunatorio,6,1,0,0.0,0.0,0,0,5,0,26,1,0,0.0,0.0,0,0,0,0,True,False
415,452,2024-04-11 17:37:05,2024-04-11 17:40:33,Centro Medico y Dental Del Valle,2024-04-04,Vacunatorio,5,0,0,0.0,0.0,0,0,5,0,5,0,0,0.0,0.0,0,0,5,0,True,True
416,453,2024-04-11 17:38:54,2024-04-11 17:41:19,Vacunatorio Darvax,2024-04-11,Vacunatorio,29,1,0,0.0,0.0,0,0,28,0,129,5,0,0.0,0.0,0,0,124,0,True,True
417,454,2024-04-11 17:40:39,2024-04-11 17:41:21,Centro Medico y Dental Del Valle,2024-04-05,Vacunatorio,5,0,0,0.0,0.0,0,0,5,0,5,0,0,0.0,0.0,0,0,5,0,True,True
418,455,2024-04-11 17:40:20,2024-04-11 17:41:36,Hospital Militar de Santiago,2024-04-11,Vacunatorio,5,1,0,0.0,0.0,0,0,4,0,25,3,0,0.0,0.0,0,0,22,0,True,True
419,456,2024-04-11 17:46:21,2024-04-11 17:47:47,Clínica San Carlos de Apoquindo Redsalud UC CHRISTUS,2024-04-11,Vacunatorio,188,6,0,3.0,0.0,0,Maternidad,179,0,153,6,0,0.0,0.0,0,0,147,0,True,True
420,457,2024-04-11 17:44:59,2024-04-11 17:47:48,NewVax,2024-04-11,Vacunatorio,3,0,0,0.0,0.0,0,0,3,0,7,0,0,0.0,0.0,0,0,7,0,True,True
421,458,2024-04-11 17:50:56,2024-04-11 17:51:48,Nueva Clínica Cordillera,2024-04-11,Vacunatorio,29,0,0,0.0,0.0,0,0,29,0,38,1,0,0.0,0.0,0,0,37,0,True,True
422,459,2024-04-11 17:49:32,2024-04-11 17:52:45,Clínica Hospital del Profesor,2024-04-11,Vacunatorio,70,2,0,2.0,0.0,No aplica ,Neonatologia CHP,0,66 dosis en cuarentena ,107,8,0,0.0,0.0,No aplica ,No aplica ,99,95 en cuarentena ,False,True
423,460,2024-04-11 17:54:05,2024-04-11 17:55:12,Centro Médico Kinerod,2024-04-11,Vacunatorio,8,0,0,0.0,0.0,0,0,8,0,10,2,0,0.0,0.0,0,0,8,0,True,True
424,461,2024-04-11 17:54:07,2024-04-11 17:55:13,Centro Médico Alto Tobalaba - Vacunatorio Vacci Protex,2024-04-11,Vacunatorio,10,0,0,0.0,0.0,0,0,10,0,30,1,0,0.0,0.0,0,0,29,0,True,True
425,462,2024-04-11 15:07:30,2024-04-11 17:56:09,Clínica Los Maitenes,2024-04-11,Vacunatorio,47,0,0,0.0,0.0,0,0,47,0,35,0,0,0.0,0.0,0,0,35,0,True,True
426,463,2024-04-11 17:52:47,2024-04-11 17:57:37,Clínica Hospital del Profesor,2024-04-11,Maternidad o neonatologia o sala cuna,6,4,0,0.0,2.0,Vacunatorio CHP,No aplica ,4,0,0,0,0,0.0,0.0,No aplica ,No aplica ,0,0,True,True
427,464,2024-04-11 17:54:45,2024-04-11 17:57:40,Clínica Indisa Maipú,2024-04-11,Vacunatorio,3,4,0,0.0,60.0,DVI,0,59,0,58,12,0,0.0,0.0,0,0,46,0,True,True
428,465,2024-04-11 18:01:09,2024-04-11 18:02:30,Centro Médico y Dental Arauco Salud,2024-04-11,Vacunatorio,20,0,0,0.0,0.0,0,0,20,0,44,2,0,0.0,0.0,0,0,42,0,True,True
429,466,2024-04-11 18:19:49,2024-04-11 18:21:20,Clínica Santa Rosa,2024-04-11,Maternidad o neonatologia o sala cuna,133,4,0,0.0,0.0,0,0,129,0,0,0,0,0.0,0.0,0,0,0,0,True,True
430,467,2024-04-11 18:19:21,2024-04-11 18:21:31,Centro Médico San Joaquín Red de Salud UC CHRISTUS,2024-04-11,Vacunatorio,34,0,0,0.0,0.0,0,0,34,0,159,9,0,0.0,0.0,0,0,150,0,True,True
431,468,2024-04-11 18:32:12,2024-04-11 18:37:50,Clínica Indisa Providencia,2024-04-11,Vacunatorio,63,12,51,0.0,0.0,0,0,51,0,287,26,261,0.0,0.0,0,0,261,EPRO AYER 10/04/2024 FUE NOTIFICADO EN FORMULARIO Y 3 PACIENTES SE ADMINISTRA DOSIS DE 200 MG LRS,False,False
432,469,2024-04-11 18:42:03,2024-04-11 18:45:59,Clínica Dávila,2024-04-11,Maternidad o neonatologia o sala cuna,80,4,0,0.0,0.0,0,0,76,0,2,0,0,0.0,0.0,0,0,2,0,True,True
433,470,2024-04-11 18:46:18,2024-04-11 18:47:33,Procedimientos Clínicos Alto Tabancura,2024-04-11,Vacunatorio,10,1,0,0.0,0.0,0,0,9,0,18,1,0,0.0,0.0,0,0,17,0,True,True
434,471,2024-04-11 18:47:48,2024-04-11 18:48:36,Centro Medico y Dental Del Valle,2024-04-11,Vacunatorio,4,0,0,0.0,0.0,0,0,4,0,4,0,0,0.0,0.0,0,0,4,0,True,True
435,472,2024-04-11 19:02:27,2024-04-11 19:04:22,Vacunatorio Redsalud CMD Alameda,2024-04-10,Vacunatorio,0,0,0,0.0,30.0,DVI Lourdes,0,30,0,0,0,0,0.0,30.0,DVI Lourdes,0,0,0,True,False
436,473,2024-04-11 19:04:24,2024-04-11 19:05:07,Vacunatorio Redsalud CMD Alameda,2024-04-11,Vacunatorio,30,0,0,0.0,0.0,0,0,30,0,30,0,0,0.0,0.0,0,0,30,0,True,True
437,474,2024-04-11 19:23:35,2024-04-11 19:24:26,Centro Médico Clínica Alemana de Chicureo,2024-04-11,Vacunatorio,26,3,0,0.0,0.0,0,0,23,0,136,10,0,0.0,0.0,0,0,126,0,True,True
438,475,2024-04-11 16:56:59,2024-04-11 19:26:59,Clínica Alemana,2024-04-11,Vacunatorio,391,9,0,35.0,0.0,0,Recien Nacido Sano CAS,347,0,609,35,0,0.0,0.0,0,0,574,0,True,True
439,476,2024-04-11 19:27:01,2024-04-11 19:28:02,Clínica Alemana,2024-04-11,Maternidad o neonatologia o sala cuna,18,10,0,0.0,35.0,vacunatorio CAS,1,43,0,0,0,0,0.0,0.0,0,0,0,0,True,True
440,477,2024-04-11 17:48:27,2024-04-11 19:39:42,Hospital Clínico Universidad de los Andes,2024-04-11,Vacunatorio,28,6,0,0.0,0.0,0,0,22,0,159,8,0,0.0,0.0,0,0,151,0,True,True
441,478,2024-04-11 08:10:17,2024-04-11 19:43:03,Clínica Indisa Maipú,2024-04-11,Maternidad o neonatologia o sala cuna,12,0,0,0.0,0.0,0,0,12,0,0,0,0,0.0,0.0,0,0,0,0,True,True
442,479,2024-04-11 19:12:48,2024-04-11 19:53:08,Centro Médico Clínica Alemana (La Dehesa),2024-04-11,Vacunatorio,33,12,0,0.0,0.0,0,0,21,0,125,23,0,0.0,0.0,0,0,102,0,True,True
443,480,2024-04-11 20:23:20,2024-04-11 20:24:40,Vacunatorio Clínica El Bosque,2024-04-11,Vacunatorio,18,1,0,0.0,0.0,0,0,17,0,16,7,0,0.0,0.0,0,0,9,0,True,True
444,481,2024-04-11 20:32:13,2024-04-11 20:38:24,Clínica Dávila Vespucio,2024-04-10,Maternidad o neonatologia o sala cuna,1,6,0,0.0,5.0,vacunatorio,0,0,0,0,0,0,0.0,0.0,0,0,0,0,True,True
445,482,2024-04-11 20:38:32,2024-04-11 20:40:16,Clínica Dávila Vespucio,2024-04-11,Maternidad o neonatologia o sala cuna,0,12,0,0.0,15.0,vacunatorio,0,3,0,0,0,0,0.0,0.0,0,0,0,0,True,True
446,483,2024-04-11 20:40:20,2024-04-11 20:49:58,Clínica Dávila Vespucio,2024-04-10,Vacunatorio,144,4,0,5.0,100.0,DVI,NEONATOLOGIA,235,0,149,20,0,0.0,100.0,DVI,0,229,0,True,True
447,484,2024-04-11 20:50:06,2024-04-11 20:51:53,Clínica Dávila Vespucio,2024-04-11,Vacunatorio,235,8,0,15.0,0.0,0,NEONATOLOGIA,212,0,229,25,0,0.0,0.0,0,0,204,0,True,True
448,485,2024-04-11 21:01:19,2024-04-11 21:02:47,VACUMED,2024-04-11,Vacunatorio,5,0,0,0.0,0.0,0,0,5,0,7,0,0,0.0,0.0,0,0,7,0,True,True
449,486,2024-04-11 22:55:51,2024-04-11 22:57:42,KUME FELEN SPA,2024-04-01,Vacunatorio,0,0,0,0.0,0.0,0,0,0,0,0,0,0,0.0,0.0,0,0,0,0,True,True
450,487,2024-04-11 22:57:51,2024-04-11 23:03:40,KUME FELEN SPA,2024-04-02,Vacunatorio,5,0,0,0.0,0.0,0,0,5,0,15,0,0,0.0,0.0,0,0,0,0,True,False
451,488,2024-04-11 23:03:44,2024-04-11 23:42:00,KUME FELEN SPA,2024-04-03,Vacunatorio,5,0,0,0.0,0.0,0,0,0,0,15,3,0,0.0,0.0,0,0,12,0,False,True
452,489,2024-04-11 23:42:21,2024-04-11 23:45:35,KUME FELEN SPA,2024-04-04,Vacunatorio,5,0,0,0.0,0.0,0,0,5,0,12,3,0,0.0,0.0,0,0,9,0,True,True
453,490,2024-04-12 06:51:07,2024-04-12 06:53:11,Hospital Clínico Universidad de los Andes,2024-04-11,Maternidad o neonatologia o sala cuna,33,5,0,0.0,0.0,0,0,28,0,0,0,0,0.0,0.0,0,0,0,0,True,True
454,491,2024-04-12 07:31:23,2024-04-12 07:34:14,Clínica Juan Pablo II,2024-04-10,Maternidad o neonatologia o sala cuna,132,4,1,0.0,0.0,0,0,127,0,0,0,0,0.0,0.0,0,0,0,0,True,True
455,492,2024-04-12 07:34:23,2024-04-12 07:35:39,Hospital FACH,2024-04-11,Maternidad o neonatologia o sala cuna,7,3,0,0.0,0.0,0,0,4,0,0,0,0,0.0,0.0,0,0,0,0,True,True
456,493,2024-04-12 07:34:32,2024-04-12 07:37:01,Clínica Juan Pablo II,2024-04-11,Maternidad o neonatologia o sala cuna,127,4,0,0.0,0.0,0,0,123,0,0,0,0,0.0,0.0,0,0,0,0,True,True
457,494,2024-04-12 08:34:28,2024-04-12 08:42:02,Clínica Indisa Providencia,2024-04-11,Maternidad o neonatologia o sala cuna,63,5,0,0.0,0.0,0,0,58,.,0,0,0,0.0,0.0,0,0,0,.,True,True
458,495,2024-04-12 08:47:37,2024-04-12 08:49:03,Clínica Santa María,2024-04-11,Maternidad o neonatologia o sala cuna,21,7,0,0.0,25.0,vacunatorio clínica santa maría,0,39,0,0,0,0,0.0,2.0,vacuantorio clínica santa maría,0,2,0,True,True
459,496,2024-04-12 08:52:05,2024-04-12 08:53:07,Clínica San Carlos de Apoquindo Redsalud UC CHRISTUS,2024-04-03,Maternidad o neonatologia o sala cuna,5,5,0,0.0,0.0,0,0,0,0,0,0,0,0.0,0.0,0,0,0,0,True,True
460,497,2024-04-12 08:53:33,2024-04-12 08:54:29,Clínica San Carlos de Apoquindo Redsalud UC CHRISTUS,2024-04-04,Maternidad o neonatologia o sala cuna,4,4,0,0.0,0.0,0,0,0,0,0,0,0,0.0,0.0,0,0,0,0,True,True
461,498,2024-04-12 08:55:10,2024-04-12 08:55:53,Clínica San Carlos de Apoquindo Redsalud UC CHRISTUS,2024-04-05,Maternidad o neonatologia o sala cuna,0,0,0,0.0,0.0,0,0,0,0,0,0,0,0.0,0.0,0,0,0,0,True,True
462,499,2024-04-12 08:56:01,2024-04-12 08:56:50,Clínica San Carlos de Apoquindo Redsalud UC CHRISTUS,2024-04-06,Maternidad o neonatologia o sala cuna,5,5,0,0.0,0.0,0,0,0,0,0,0,0,0.0,0.0,0,0,0,0,True,True
463,500,2024-04-12 08:56:53,2024-04-12 08:58:05,Clínica San Carlos de Apoquindo Redsalud UC CHRISTUS,2024-04-07,Maternidad o neonatologia o sala cuna,0,0,0,0.0,0.0,0,0,0,0,0,0,0,0.0,0.0,0,0,0,0,True,True
464,501,2024-04-12 08:58:09,2024-04-12 08:59:06,Clínica San Carlos de Apoquindo Redsalud UC CHRISTUS,2024-04-08,Maternidad o neonatologia o sala cuna,3,3,0,0.0,0.0,0,0,0,0,0,0,0,0.0,0.0,0,0,0,0,True,True
465,502,2024-04-12 08:59:16,2024-04-12 09:00:21,Clínica San Carlos de Apoquindo Redsalud UC CHRISTUS,2024-04-10,Maternidad o neonatologia o sala cuna,10,10,0,0.0,0.0,0,0,0,0,0,0,0,0.0,0.0,0,0,0,0,True,True
466,503,2024-04-12 09:00:26,2024-04-12 09:01:40,Clínica San Carlos de Apoquindo Redsalud UC CHRISTUS,2024-04-11,Maternidad o neonatologia o sala cuna,3,3,0,0.0,0.0,0,0,0,0,0,0,0,0.0,0.0,0,0,0,0,True,True
467,504,2024-04-12 09:07:06,2024-04-12 09:08:22,Red Salud Santiago ex Clínica Bicentenario,2024-04-11,Maternidad o neonatologia o sala cuna,17,8,0,0.0,0.0,0,0,9,Administradas el 11/04/2024,0,0,0,0.0,0.0,0,0,0,0,True,True
468,505,2024-04-12 09:32:38,2024-04-12 09:46:54,KUME FELEN SPA,2024-04-04,Vacunatorio,5,1,0,0.0,0.0,0,0,4,0,12,3,0,0.0,0.0,0,0,9,0,True,True
469,506,2024-04-12 09:37:58,2024-04-12 09:47:12,Vaxprosalud,2024-04-11,Vacunatorio,5,0,0,0.0,0.0,-,-,5,-,66,0,0,0.0,0.0,0,-,66,-,True,True
470,507,2024-04-12 10:12:04,2024-04-12 10:13:16,Hospital Clínico Universidad de Chile,2024-04-11,Vacunatorio,10,0,0,0.0,0.0,0,0,10,0,83,3,0,0.0,0.0,0,0,80,0,True,True
471,508,2024-04-12 10:11:17,2024-04-12 10:15:30,Centro Médico Militar Rosa O'Higgins,2024-04-11,Vacunatorio,17,0,0,0.0,0.0,0,0,17,0,43,0,0,0.0,0.0,0,0,43,0,True,True
472,509,2024-04-12 10:15:36,2024-04-12 10:20:19,Centro Médico Militar Rosa O'Higgins,2024-04-12,Vacunatorio,17,0,0,0.0,0.0,0,0,17,0,43,0,0,0.0,0.0,0,0,43,0,True,True
473,510,2024-04-12 09:46:58,2024-04-12 10:24:36,KUME FELEN SPA,2024-04-05,Vacunatorio,4,0,0,0.0,5.0,DVI SUR,0,9,0,9,2,0,0.0,25.0,DVI SUR,0,32,0,True,True
474,511,2024-04-12 10:23:25,2024-04-12 10:28:53,Clínica Las Condes Estoril,2024-04-11,Vacunatorio,198,3,0,0.0,0.0,0,0,195,0,144,12,0,0.0,0.0,0,0,132,0,True,True
475,512,2024-04-12 10:25:52,2024-04-12 10:29:12,KUME FELEN SPA,2024-04-08,Vacunatorio,9,1,0,0.0,1.0,0,0,8,0,32,5,0,0.0,0.0,0,0,27,0,False,True
476,513,2024-04-12 10:28:55,2024-04-12 10:29:38,Clínica Las Condes Estoril,2024-04-11,Maternidad o neonatologia o sala cuna,2,0,0,0.0,0.0,0,0,2,0,0,0,0,0.0,0.0,0,0,0,0,True,True
477,514,2024-04-12 10:29:14,2024-04-12 10:31:42,KUME FELEN SPA,2024-04-09,Vacunatorio,8,1,0,0.0,0.0,0,0,7,0,27,4,0,0.0,0.0,0,0,23,0,True,True
478,515,2024-04-12 10:31:45,2024-04-12 10:33:49,KUME FELEN SPA,2024-04-10,Vacunatorio,7,1,0,0.0,0.0,0,0,6,0,23,1,0,0.0,0.0,0,0,22,0,True,True
479,516,2024-04-12 10:33:51,2024-04-12 10:36:21,KUME FELEN SPA,2024-04-11,Vacunatorio,6,0,0,0.0,0.0,0,0,6,0,22,0,0,0.0,0.0,0,0,22,0,True,True
480,517,2024-04-12 10:36:23,2024-04-12 10:39:45,KUME FELEN SPA,2024-04-12,Vacunatorio,6,0,0,0.0,0.0,0,0,6,0,22,0,0,0.0,0.0,0,0,22,0,True,True
481,518,2024-04-12 10:54:48,2024-04-12 10:56:58,Nueva Clínica Cordillera,2024-04-11,Maternidad o neonatologia o sala cuna,5,0,0,0.0,0.0,No aplica,No aplica,5,0,0,0,0,0.0,0.0,No aplica,No aplica,0,0,True,True
482,519,2024-04-12 11:02:28,2024-04-12 11:06:42,Hospital Clínico Redsalud UC CHRISTUS (Marcoleta),2024-04-11,Maternidad o neonatologia o sala cuna,87,9,0,0.0,0.0,0,0,78,0,10,0,0,10.0,0.0,0,0,10,0,True,False
483,520,2024-04-12 11:11:54,2024-04-12 11:13:50,Clínica Santa María,2024-04-11,Vacunatorio,136,8,0,25.0,0.0,0,Maternidad CSM,103,0,335,19,0,0.0,0.0,0,0,316,0,True,True
484,521,2024-04-12 11:38:54,2024-04-12 11:45:18,Hospital Clínico Universidad de Chile,2024-04-11,Maternidad o neonatologia o sala cuna,29,1,0,0.0,0.0,0,0,28,0,1,0,0,0.0,0.0,0,0,1,0,True,True
485,522,2024-04-12 11:52:38,2024-04-12 12:04:10,Hospital de Carabineros,2024-04-11,Vacunatorio,33,0,0,0.0,0.0,0,0,33,0,57,4,0,1.0,1.0,Maternidad Hoscar,Maternidad Hoscar,53,0,True,True
486,523,2024-04-12 13:50:16,2024-04-12 13:51:59,Centro de Vacunacion Inmunovac,2024-04-01,Vacunatorio,0,0,0,0.0,0.0,0,0,0,0,0,0,0,0.0,0.0,0,0,0,0,True,True
487,524,2024-04-12 13:52:11,2024-04-12 13:53:25,Centro de Vacunacion Inmunovac,2024-04-02,Vacunatorio,0,0,0,0.0,0.0,0,0,0,0,0,0,0,0.0,0.0,0,0,0,0,True,True
488,525,2024-04-12 13:49:38,2024-04-12 13:53:35,Hospital de Carabineros,2024-04-11,Maternidad o neonatologia o sala cuna,6,4,0,0.0,0.0,0,0,2,Se administraron 4 Nirservimab a recién nacido,0,1,0,0.0,1.0,Vacunatorio HOSCAR ,0,0,Nace Rn de 5130. Se solicita una dosis de Nirsevimab de 100mg y se administra. No se deja stock en vitrina de UPC Neonatal,True,True
489,526,2024-04-12 13:53:28,2024-04-12 13:58:53,Centro de Vacunacion Inmunovac,2024-04-03,Vacunatorio,0,0,0,0.0,20.0,DVI,0,20,0,0,0,0,0.0,50.0,DVI,0,20,0,True,False
490,527,2024-04-12 13:58:55,2024-04-12 14:00:19,Centro de Vacunacion Inmunovac,2024-04-04,Vacunatorio,20,1,0,0.0,0.0,0,0,19,0,50,4,0,0.0,0.0,0,0,46,0,True,True
491,528,2024-04-12 14:00:21,2024-04-12 14:01:38,Centro de Vacunacion Inmunovac,2024-04-05,Vacunatorio,19,0,0,0.0,0.0,0,0,19,0,46,5,0,0.0,0.0,0,0,41,0,True,True
492,529,2024-04-12 14:01:41,2024-04-12 14:03:18,Centro de Vacunacion Inmunovac,2024-04-08,Vacunatorio,19,4,0,0.0,0.0,0,0,15,0,41,3,0,0.0,0.0,0,0,38,0,True,True
493,530,2024-04-12 14:03:22,2024-04-12 14:04:31,Centro de Vacunacion Inmunovac,2024-04-09,Vacunatorio,15,0,0,0.0,0.0,0,0,15,0,38,2,0,0.0,0.0,0,0,36,0,True,True
494,531,2024-04-12 14:04:34,2024-04-12 14:05:40,Centro de Vacunacion Inmunovac,2024-04-10,Vacunatorio,15,0,0,0.0,0.0,0,0,15,0,36,0,0,0.0,0.0,0,0,36,0,True,True
495,532,2024-04-12 14:05:42,2024-04-12 14:06:52,Centro de Vacunacion Inmunovac,2024-04-11,Vacunatorio,15,0,0,0.0,0.0,0,0,15,0,36,3,0,0.0,0.0,0,0,33,0,True,True
496,533,2024-04-12 14:06:44,2024-04-12 14:08:40,Nueva Clínica Cordillera,2024-04-12,Maternidad o neonatologia o sala cuna,5,0,0,0.0,0.0,No aplica,No aplica,5,0,0,0,0,0.0,0.0,No aplica,No aplica,0,0,True,True
497,534,2024-04-12 15:04:47,2024-04-12 15:05:18,Consultorio Tantauco,2024-04-12,Vacunatorio,5,0,0,0.0,0.0,0,0,5,0,12,0,0,0.0,0.0,0,0,12,0,True,True
498,535,2024-04-12 15:16:28,2024-04-12 15:23:11,Hospital FACH,2024-04-12,Vacunatorio,28,0,0,10.0,10.0,DVI LOURDES,MATERNIDAD,28,0,21,0,0,0.0,0.0,0,0,21,0,True,True
499,536,2024-04-12 12:58:21,2024-04-12 15:36:42,Hospital FACH,2024-04-12,"Maternidad, neonatologia, sala cuna",4,0,0,0.0,10.0,vacunatorio,0,14,0,0,0,0,0.0,0.0,0,0,0,0,True,True
500,537,2024-04-12 15:47:20,2024-04-12 15:48:05,Centro Médico Clínica Santa María La Dehesa,2024-04-12,Vacunatorio,42,1,0,0.0,0.0,0,0,41,-,30,0,0,0.0,0.0,0,0,30,-,True,True
501,538,2024-04-12 15:54:32,2024-04-12 15:58:37,Hospital de Carabineros,2024-04-12,Vacunatorio,33,3,0,0.0,0.0,0,0,30,0,53,3,0,1.0,1.0,Hospital de Carabineros,Neonatología,49,0,True,False
502,539,2024-04-12 15:47:19,2024-04-12 16:16:43,Vacunatorio Medicien El Plomo ( UC Chritus),2024-04-12,Vacunatorio,7,2,0,0.0,0.0,-,-,5,0,36,2,0,0.0,0.0,-,-,34,0,True,True
503,540,2024-04-12 16:25:42,2024-04-12 16:26:26,Clínica BUPA Santiago,2024-04-12,Vacunatorio,38,3,0,0.0,0.0,0,0,35,0,47,10,0,0.0,0.0,0,0,37,0,True,True
504,541,2024-04-12 16:27:35,2024-04-12 16:28:36,Clínica BUPA Santiago,2024-04-12,Maternidad o neonatologia o sala cuna,43,1,0,0.0,0.0,0,0,42,0,0,0,0,0.0,0.0,0,0,0,0,True,True
505,542,2024-04-12 16:42:13,2024-04-12 16:43:38,Hospital Militar de Santiago,2024-04-12,Vacunatorio,4,1,0,0.0,0.0,0,0,3,0,22,3,0,0.0,0.0,0,0,19,0,True,True
506,543,2024-04-12 16:58:52,2024-04-12 17:00:23,Clínica Santa María,2024-04-12,Vacunatorio,103,4,0,0.0,0.0,0,0,99,0,316,21,0,0.0,0.0,0,0,295,0,True,True
507,544,2024-04-12 17:09:23,2024-04-12 17:11:26,Hospital Clínico Universidad de los Andes,2024-04-12,Maternidad o neonatologia o sala cuna,28,4,0,0.0,10.0,Vacunatorio hospital clínico universidad de los Andes ,0,34,0,0,0,0,0.0,0.0,0,0,0,0,True,True
508,545,2024-04-12 17:07:28,2024-04-12 17:11:49,Vacunatorio Varik,2024-04-12,Vacunatorio,11,2,0,0.0,0.0,0,0,9,0,64,9,0,0.0,0.0,0,0,55,0,True,True
509,546,2024-04-12 17:06:41,2024-04-12 17:13:37,Hospital Clínico Redsalud UC CHRISTUS (Marcoleta),2024-04-12,Maternidad o neonatologia o sala cuna,78,12,0,0.0,30.0,VACUNATORIO MARCOLETA ,0,96,0,10,0,0,0.0,0.0,0,0,10,0,True,True
510,547,2024-04-12 17:14:36,2024-04-12 17:16:19,Red Salud Santiago ex Clínica Bicentenario,2024-04-12,Vacunatorio,66,3,0,30.0,0.0,dvi lourdes,maternidad redsalud santiago,33,0,197,16,0,0.0,0.0,0,0,181,0,True,True
511,548,2024-04-12 17:16:05,2024-04-12 17:17:29,Nueva Clínica Cordillera,2024-04-12,Vacunatorio,29,1,0,0.0,0.0,0,0,28,0,37,1,0,0.0,0.0,0,0,36,0,True,True
512,549,2024-04-12 17:00:06,2024-04-12 17:20:37,Centro Médico Kinerod,2024-04-12,Vacunatorio,8,1,0,0.0,0.0,0,0,7,0,8,3,0,0.0,0.0,0,0,5,0,True,True
513,550,2024-04-12 17:13:49,2024-04-12 17:20:42,Hospital Clínico Redsalud UC CHRISTUS (Marcoleta),2024-04-12,Vacunatorio,10,2,0,30.0,30.0,DVI,MATERNIDAD,8,0,125,11,0,0.0,30.0,DVI,0,144,0,True,True
514,551,2024-04-12 17:19:27,2024-04-12 17:20:57,Vacunatorio Inmuvax,2024-04-12,Vacunatorio,5,0,0,0.0,0.0,DVI LOURDES,vacunatorio,5,0,34,1,0,0.0,0.0,DVI LOURDES,VACUNATORIO,33,0,True,True
515,552,2024-04-12 17:17:37,2024-04-12 17:24:21,Clínica San Carlos de Apoquindo Redsalud UC CHRISTUS,2024-04-12,Vacunatorio,179,10,0,0.0,0.0,0,0,169,0,147,8,0,0.0,0.0,0,0,139,0,True,True
516,553,2024-04-12 17:25:22,2024-04-12 17:26:37,Clínica Dávila,2024-04-12,Maternidad o neonatologia o sala cuna,76,6,0,0.0,0.0,0,0,70,0,2,0,0,0.0,0.0,0,0,2,0,True,True
517,554,2024-04-12 17:26:14,2024-04-12 17:27:58,Vacunatorio Centro Medico Vidaintegra Alameda,2024-04-12,Vacunatorio,20,0,0,0.0,0.0,ninguna,ninguna,20,0,44,0,0,0.0,0.0,ninguna,ninguna,44,0,True,True
518,555,2024-04-12 17:34:47,2024-04-12 17:37:29,Clínica Dávila,2024-04-12,Vacunatorio,29,3,0,0.0,0.0,0,0,26,0,188,11,0,0.0,0.0,0,0,177,0,True,True
519,556,2024-04-12 17:42:10,2024-04-12 17:44:06,NewVax,2024-04-12,Vacunatorio,3,0,0,0.0,0.0,0,0,3,0,7,1,0,0.0,0.0,0,0,6,0,True,True
520,557,2024-04-12 17:04:49,2024-04-12 17:47:09,Clínica Indisa Maipú,2024-04-12,Vacunatorio,59,1,0,0.0,0.0,0,0,58,0,46,10,0,0.0,0.0,0,0,36,0,True,True
521,558,2024-04-12 17:48:44,2024-04-12 17:57:02,Clínica Los Maitenes,2024-04-12,Vacunatorio,47,0,0,0.0,0.0,0,0,47,0,35,2,0,0.0,0.0,0,0,33,0,True,True
